-- MySQL dump 10.13  Distrib 8.0.38, for Win64 (x86_64)
--
-- Host: 127.0.0.1    Database: almacen
-- ------------------------------------------------------
-- Server version	8.0.30

/*!40101 SET @OLD_CHARACTER_SET_CLIENT=@@CHARACTER_SET_CLIENT */;
/*!40101 SET @OLD_CHARACTER_SET_RESULTS=@@CHARACTER_SET_RESULTS */;
/*!40101 SET @OLD_COLLATION_CONNECTION=@@COLLATION_CONNECTION */;
/*!50503 SET NAMES utf8 */;
/*!40103 SET @OLD_TIME_ZONE=@@TIME_ZONE */;
/*!40103 SET TIME_ZONE='+00:00' */;
/*!40014 SET @OLD_UNIQUE_CHECKS=@@UNIQUE_CHECKS, UNIQUE_CHECKS=0 */;
/*!40014 SET @OLD_FOREIGN_KEY_CHECKS=@@FOREIGN_KEY_CHECKS, FOREIGN_KEY_CHECKS=0 */;
/*!40101 SET @OLD_SQL_MODE=@@SQL_MODE, SQL_MODE='NO_AUTO_VALUE_ON_ZERO' */;
/*!40111 SET @OLD_SQL_NOTES=@@SQL_NOTES, SQL_NOTES=0 */;

--
-- Table structure for table `table_cambiostatus`
--

DROP TABLE IF EXISTS `table_cambiostatus`;
/*!40101 SET @saved_cs_client     = @@character_set_client */;
/*!50503 SET character_set_client = utf8mb4 */;
CREATE TABLE `table_cambiostatus` (
  `idCambioStatus` int NOT NULL AUTO_INCREMENT,
  `id_unidad` int NOT NULL,
  `idstatus` int DEFAULT NULL,
  `textCambio` text CHARACTER SET utf8mb3 COLLATE utf8mb3_spanish_ci,
  `fechaCambio` timestamp NULL DEFAULT NULL,
  `user_id` int NOT NULL,
  PRIMARY KEY (`idCambioStatus`),
  KEY `fk_table_cambiostatus_table_flota1_idx` (`id_unidad`),
  KEY `fk_table_cambiostatus_table_user1_idx` (`user_id`),
  CONSTRAINT `fk_table_cambiostatus_table_flota1` FOREIGN KEY (`id_unidad`) REFERENCES `table_flota` (`id_flota`),
  CONSTRAINT `fk_table_cambiostatus_table_user1` FOREIGN KEY (`user_id`) REFERENCES `table_user` (`user_id`)
) ENGINE=InnoDB DEFAULT CHARSET=utf8mb3 COLLATE=utf8mb3_spanish_ci;
/*!40101 SET character_set_client = @saved_cs_client */;

--
-- Dumping data for table `table_cambiostatus`
--

LOCK TABLES `table_cambiostatus` WRITE;
/*!40000 ALTER TABLE `table_cambiostatus` DISABLE KEYS */;
/*!40000 ALTER TABLE `table_cambiostatus` ENABLE KEYS */;
UNLOCK TABLES;

--
-- Table structure for table `table_cambiostatuspersonal`
--

DROP TABLE IF EXISTS `table_cambiostatuspersonal`;
/*!40101 SET @saved_cs_client     = @@character_set_client */;
/*!50503 SET character_set_client = utf8mb4 */;
CREATE TABLE `table_cambiostatuspersonal` (
  `id_cambioPersonal` int NOT NULL AUTO_INCREMENT,
  `id_personal` int NOT NULL,
  `idStatus` int DEFAULT NULL,
  `textCambio` text CHARACTER SET utf8mb3 COLLATE utf8mb3_spanish_ci,
  `user_id` int NOT NULL,
  PRIMARY KEY (`id_cambioPersonal`),
  KEY `fk_table_cambiostatuspersonal_table_personal1_idx` (`id_personal`),
  KEY `fk_table_cambiostatuspersonal_table_user1_idx` (`user_id`),
  CONSTRAINT `fk_table_cambiostatuspersonal_table_personal1` FOREIGN KEY (`id_personal`) REFERENCES `table_personal` (`id_personal`),
  CONSTRAINT `fk_table_cambiostatuspersonal_table_user1` FOREIGN KEY (`user_id`) REFERENCES `table_user` (`user_id`)
) ENGINE=InnoDB DEFAULT CHARSET=utf8mb3 COLLATE=utf8mb3_spanish_ci;
/*!40101 SET character_set_client = @saved_cs_client */;

--
-- Dumping data for table `table_cambiostatuspersonal`
--

LOCK TABLES `table_cambiostatuspersonal` WRITE;
/*!40000 ALTER TABLE `table_cambiostatuspersonal` DISABLE KEYS */;
/*!40000 ALTER TABLE `table_cambiostatuspersonal` ENABLE KEYS */;
UNLOCK TABLES;

--
-- Table structure for table `table_cargo`
--

DROP TABLE IF EXISTS `table_cargo`;
/*!40101 SET @saved_cs_client     = @@character_set_client */;
/*!50503 SET character_set_client = utf8mb4 */;
CREATE TABLE `table_cargo` (
  `id_cargo` int NOT NULL AUTO_INCREMENT,
  `cargo` varchar(45) CHARACTER SET utf8mb3 COLLATE utf8mb3_spanish_ci DEFAULT NULL,
  `status_cargo` int DEFAULT NULL,
  PRIMARY KEY (`id_cargo`)
) ENGINE=InnoDB AUTO_INCREMENT=44 DEFAULT CHARSET=utf8mb3 COLLATE=utf8mb3_spanish_ci;
/*!40101 SET character_set_client = @saved_cs_client */;

--
-- Dumping data for table `table_cargo`
--

LOCK TABLES `table_cargo` WRITE;
/*!40000 ALTER TABLE `table_cargo` DISABLE KEYS */;
INSERT INTO `table_cargo` VALUES (1,'DIRECTOR GENERAL',1),(2,'COORDINADOR(A) DE TESORERIA',1),(3,'COORDINADOR(A) DE PLANIFICACION Y PRESUPUESTO',1),(4,'COORDINADOR(A) DE RUTA ESTUDIANTIL',1),(5,'COORDINADOR DE LOGÍSTICA (E)',1),(6,'COORDINADOR DE MANTENIMIENTO DE VEHÍCULOS (E)',1),(7,'COORDINADOR(A) DE BIENES',1),(8,'COORDINADOR DE INFORMÁTICA (E)',1),(9,'COORDINADOR DE SERVICIOS GENERALES',1),(10,'COORDINADORA DE CONTABILIDAD',1),(11,'COORDINADOR(A) DE ALMACEN DE REPUESTOS',1),(12,'COORDINADOR(A) DE RECURSOS HUMANOS',1),(13,'COORDINADOR(A) DE COMPRAS',1),(14,'DIRECTOR(A) DE ADMINISTRACION',1),(15,'DIRECTOR(A) DE OPERACIONES',1),(16,'ANALISTA DE RECURSOS HUMANOS',1),(17,'ANALISTA FINANCIERO',1),(18,'ANALISTA DE SISTEMA',1),(19,'ANALISTA FINANCIERO',1),(20,'ANALISTA DE INFORMÁTICA',1),(21,'CONSULTOR(A) JURIDICO',1),(22,'OBRERO',1),(23,'OPERADOR DE RUTA',1),(24,'OPERADOR DE GRUA',1),(25,'OPERADOR INSTRUCTOR',1),(26,'MECANICO I',1),(27,'MECANICO AUTOMOTRIZ I',1),(28,'MECANICO AUTOMOTRIZ III',1),(29,'MECANICO DIESEL III',1),(30,'RECAUDADOR',1),(31,'AYUDANTE DE ALMACEN DE REPUESTOS',1),(32,'AYUDANTE MECANICO',1),(33,'DESPACHADOR DE COMBUSTIBLE',1),(34,'VIGILANTE',1),(35,'LATONERO',1),(36,'PERSONAL DE AUTOLAVADO',1),(37,'CHEQUEADOR(A)',1),(38,'SUPERVISOR DE AREA',1),(39,'ASISTENTE ADMINISTRATIVO',1),(40,'ATENCION AL CIUDADANO',1),(41,'RECEPCIONISTA',1),(42,'AYUDANTE MECANICO',1),(43,'CAUCHERO',1);
/*!40000 ALTER TABLE `table_cargo` ENABLE KEYS */;
UNLOCK TABLES;

--
-- Table structure for table `table_cierre`
--

DROP TABLE IF EXISTS `table_cierre`;
/*!40101 SET @saved_cs_client     = @@character_set_client */;
/*!50503 SET character_set_client = utf8mb4 */;
CREATE TABLE `table_cierre` (
  `id_cierre` int NOT NULL AUTO_INCREMENT,
  `tipo_cierre` varchar(10) COLLATE utf8mb3_spanish_ci DEFAULT NULL,
  `cant_cierre` varchar(10) COLLATE utf8mb3_spanish_ci DEFAULT NULL,
  `monto_cierre` varchar(10) COLLATE utf8mb3_spanish_ci DEFAULT NULL,
  `tasa_dia` varchar(10) COLLATE utf8mb3_spanish_ci DEFAULT NULL,
  `fecha_cierre` varchar(10) COLLATE utf8mb3_spanish_ci DEFAULT NULL,
  `id_user` int NOT NULL,
  PRIMARY KEY (`id_cierre`),
  KEY `fk_table_cierre_table_user1_idx` (`id_user`),
  CONSTRAINT `fk_table_cierre_table_user1` FOREIGN KEY (`id_user`) REFERENCES `table_user` (`user_id`)
) ENGINE=InnoDB DEFAULT CHARSET=utf8mb3 COLLATE=utf8mb3_spanish_ci;
/*!40101 SET character_set_client = @saved_cs_client */;

--
-- Dumping data for table `table_cierre`
--

LOCK TABLES `table_cierre` WRITE;
/*!40000 ALTER TABLE `table_cierre` DISABLE KEYS */;
/*!40000 ALTER TABLE `table_cierre` ENABLE KEYS */;
UNLOCK TABLES;

--
-- Table structure for table `table_dep_submenu`
--

DROP TABLE IF EXISTS `table_dep_submenu`;
/*!40101 SET @saved_cs_client     = @@character_set_client */;
/*!50503 SET character_set_client = utf8mb4 */;
CREATE TABLE `table_dep_submenu` (
  `id_dep_submenu` int NOT NULL AUTO_INCREMENT,
  `id_departamento` int NOT NULL,
  `id_submenu` int NOT NULL,
  PRIMARY KEY (`id_dep_submenu`),
  KEY `fk_table_dep_submenu_table_departamento1_idx` (`id_departamento`),
  KEY `fk_table_dep_submenu_table_sub_menu1_idx` (`id_submenu`),
  CONSTRAINT `fk_table_dep_submenu_table_departamento1` FOREIGN KEY (`id_departamento`) REFERENCES `table_departamento` (`id_departamento`),
  CONSTRAINT `fk_table_dep_submenu_table_sub_menu1` FOREIGN KEY (`id_submenu`) REFERENCES `table_submenu` (`id_submenu`)
) ENGINE=InnoDB AUTO_INCREMENT=20 DEFAULT CHARSET=utf8mb3 COLLATE=utf8mb3_spanish_ci;
/*!40101 SET character_set_client = @saved_cs_client */;

--
-- Dumping data for table `table_dep_submenu`
--

LOCK TABLES `table_dep_submenu` WRITE;
/*!40000 ALTER TABLE `table_dep_submenu` DISABLE KEYS */;
INSERT INTO `table_dep_submenu` VALUES (1,1,1),(2,1,2),(3,1,3),(4,1,4),(5,1,5),(6,1,6),(7,1,7),(8,1,8),(9,1,9),(10,1,10),(11,1,12),(12,1,11),(13,2,5),(14,2,7),(15,2,8),(16,3,3),(17,3,4),(18,3,2),(19,4,12);
/*!40000 ALTER TABLE `table_dep_submenu` ENABLE KEYS */;
UNLOCK TABLES;

--
-- Table structure for table `table_departamento`
--

DROP TABLE IF EXISTS `table_departamento`;
/*!40101 SET @saved_cs_client     = @@character_set_client */;
/*!50503 SET character_set_client = utf8mb4 */;
CREATE TABLE `table_departamento` (
  `id_departamento` int NOT NULL AUTO_INCREMENT,
  `departamento` varchar(45) CHARACTER SET utf8mb3 COLLATE utf8mb3_spanish_ci DEFAULT NULL,
  PRIMARY KEY (`id_departamento`)
) ENGINE=InnoDB AUTO_INCREMENT=5 DEFAULT CHARSET=utf8mb3 COLLATE=utf8mb3_spanish_ci;
/*!40101 SET character_set_client = @saved_cs_client */;

--
-- Dumping data for table `table_departamento`
--

LOCK TABLES `table_departamento` WRITE;
/*!40000 ALTER TABLE `table_departamento` DISABLE KEYS */;
INSERT INTO `table_departamento` VALUES (1,'INFORMATICA'),(2,'ALMACEN'),(3,'OPERACIONES'),(4,'ESTACION');
/*!40000 ALTER TABLE `table_departamento` ENABLE KEYS */;
UNLOCK TABLES;

--
-- Table structure for table `table_despacho`
--

DROP TABLE IF EXISTS `table_despacho`;
/*!40101 SET @saved_cs_client     = @@character_set_client */;
/*!50503 SET character_set_client = utf8mb4 */;
CREATE TABLE `table_despacho` (
  `id_despacho` int NOT NULL AUTO_INCREMENT,
  `id_flota` int NOT NULL,
  `operador` varchar(50) CHARACTER SET utf8mb3 COLLATE utf8mb3_spanish_ci NOT NULL,
  `mecanico` varchar(50) CHARACTER SET utf8mb3 COLLATE utf8mb3_spanish_ci NOT NULL,
  `despachador` varchar(50) CHARACTER SET utf8mb3 COLLATE utf8mb3_spanish_ci NOT NULL,
  `fecha_despacho` varchar(12) CHARACTER SET utf8mb3 COLLATE utf8mb3_spanish_ci DEFAULT NULL,
  `user_id` int NOT NULL,
  `observacion` text CHARACTER SET utf8mb3 COLLATE utf8mb3_spanish_ci,
  PRIMARY KEY (`id_despacho`),
  KEY `fk_table_despacho_table_flota1_idx` (`id_flota`),
  KEY `fk_table_despacho_table_user1_idx` (`user_id`),
  CONSTRAINT `fk_table_despacho_table_flota1` FOREIGN KEY (`id_flota`) REFERENCES `table_flota` (`id_flota`),
  CONSTRAINT `fk_table_despacho_table_user1` FOREIGN KEY (`user_id`) REFERENCES `table_user` (`user_id`)
) ENGINE=InnoDB DEFAULT CHARSET=utf8mb3 COLLATE=utf8mb3_spanish_ci;
/*!40101 SET character_set_client = @saved_cs_client */;

--
-- Dumping data for table `table_despacho`
--

LOCK TABLES `table_despacho` WRITE;
/*!40000 ALTER TABLE `table_despacho` DISABLE KEYS */;
/*!40000 ALTER TABLE `table_despacho` ENABLE KEYS */;
UNLOCK TABLES;

--
-- Table structure for table `table_enlace_producto`
--

DROP TABLE IF EXISTS `table_enlace_producto`;
/*!40101 SET @saved_cs_client     = @@character_set_client */;
/*!50503 SET character_set_client = utf8mb4 */;
CREATE TABLE `table_enlace_producto` (
  `id_enlace_producto` int NOT NULL AUTO_INCREMENT,
  `enlace_producto` varchar(45) CHARACTER SET utf8mb3 COLLATE utf8mb3_spanish_ci DEFAULT NULL,
  PRIMARY KEY (`id_enlace_producto`)
) ENGINE=InnoDB AUTO_INCREMENT=15 DEFAULT CHARSET=utf8mb3 COLLATE=utf8mb3_spanish_ci;
/*!40101 SET character_set_client = @saved_cs_client */;

--
-- Dumping data for table `table_enlace_producto`
--

LOCK TABLES `table_enlace_producto` WRITE;
/*!40000 ALTER TABLE `table_enlace_producto` DISABLE KEYS */;
INSERT INTO `table_enlace_producto` VALUES (1,'ZK6896HGA'),(2,'ZK6752D'),(3,'ZK6118HGA'),(4,'ZK6729D2'),(5,'ZK6852HG'),(6,'3800T-444E'),(7,'3600'),(8,'ZK6860HGA'),(9,'ENT610'),(10,'USO GENERAL'),(11,'DESCONTINUADO'),(12,'LUBRICANTES'),(13,'NEUMATICOs'),(14,'BATERIAs');
/*!40000 ALTER TABLE `table_enlace_producto` ENABLE KEYS */;
UNLOCK TABLES;

--
-- Table structure for table `table_flota`
--

DROP TABLE IF EXISTS `table_flota`;
/*!40101 SET @saved_cs_client     = @@character_set_client */;
/*!50503 SET character_set_client = utf8mb4 */;
CREATE TABLE `table_flota` (
  `id_flota` int NOT NULL AUTO_INCREMENT,
  `id_unidad` varchar(20) CHARACTER SET utf8mb3 COLLATE utf8mb3_spanish_ci DEFAULT NULL,
  `id_marca` int NOT NULL,
  `id_modelo` int NOT NULL,
  `vim_unidad` varchar(20) CHARACTER SET utf8mb3 COLLATE utf8mb3_spanish_ci DEFAULT NULL,
  `fecha_creacion` varchar(20) CHARACTER SET utf8mb3 COLLATE utf8mb3_spanish_ci DEFAULT NULL,
  `cap_pasajero` int DEFAULT NULL,
  `tipo_combustible` varchar(20) CHARACTER SET utf8mb3 COLLATE utf8mb3_spanish_ci DEFAULT NULL,
  `status_unidad` int DEFAULT NULL,
  PRIMARY KEY (`id_flota`),
  KEY `fk_table_flota_table_modelo1_idx` (`id_modelo`),
  KEY `fk_table_flota_table_marca1_idx` (`id_marca`),
  CONSTRAINT `fk_table_flota_table_marca1` FOREIGN KEY (`id_marca`) REFERENCES `table_marca` (`id_marca`),
  CONSTRAINT `fk_table_flota_table_modelo1` FOREIGN KEY (`id_modelo`) REFERENCES `table_modelo` (`id_modelo`)
) ENGINE=InnoDB AUTO_INCREMENT=150 DEFAULT CHARSET=utf8mb3 COLLATE=utf8mb3_spanish_ci;
/*!40101 SET character_set_client = @saved_cs_client */;

--
-- Dumping data for table `table_flota`
--

LOCK TABLES `table_flota` WRITE;
/*!40000 ALTER TABLE `table_flota` DISABLE KEYS */;
INSERT INTO `table_flota` VALUES (1,'BY-02',1,1,'LZYTDGD6XE1000716','2014',25,'DIESEL',1),(2,'BY-06',1,1,'LZYTDGD64E1000551','2014',25,'DIESEL',1),(3,'BY-08',1,1,'LZYTDGD63E1000735','2014',25,'DIESEL',2),(4,'BY-10',1,1,'LZYTDGD65E1000770','2014',25,'DIESEL',3),(5,'BY-11',1,3,'LZYTAGE67E1001510','2014',44,'G.L.P',0),(6,'BY-13',1,3,'LZYTAGE63E1001276','2014',44,'G.L.P',2),(7,'BY-14',1,3,'LZYTAGE69E1001489','2014',44,'G.L.P',0),(8,'BY-17',1,3,'LZYTAGE66E1001398','2014',44,'G.L.P',0),(9,'BY-18',1,3,'LZYTAGE64E1001514','2014',44,'G.L.P',0),(10,'BY-20',1,3,'LZYTAGE6XE1001226','2014',44,'G.L.P',0),(11,'BY-21',1,3,'LZYTAGE69E1001430','2014',44,'G.L.P',0),(12,'BY-22',1,3,'LZYTAGE63E1001312','2014',44,'G.L.P',0),(13,'BY-24',1,3,'LZYTAGE68E1001497','2014',44,'G.L.P',2),(14,'BY-25',1,3,'LZYTAGE65E1001506','2014',44,'G.L.P',3),(15,'BY-28',1,3,'LZYTAGE60E1004331','2014',44,'G.L.P',0),(16,'BY-29',1,3,'LZYTAGE6XE1004448','2014',44,'G.L.P',3),(17,'BY-30',1,3,'LZYTAGE65E1005104','2014',44,'G.L.P',3),(18,'BY-31',1,3,'LZYTAGE64E1004350','2014',44,'G.L.P',3),(19,'BY-32',1,3,'LZYTAGE60E1004345','2014',44,'G.L.P',3),(20,'BY-33',1,3,'LZYTAGE63E1004405','2014',44,'G.L.P',3),(21,'BY-34',1,3,'LZYTAGE63E1005120','2014',44,'G.L.P',0),(22,'BY-35',1,3,'LZYTAGE65E1005040','2014',44,'G.L.P',3),(23,'BY-37',1,3,'LZYTAGE68F1000643','2015',44,'DIESEL',3),(24,'BY-38',1,3,'LZYTAGE6XF1000627','2015',44,'DIESEL',0),(25,'BY-39',1,3,'LZYTAGE64F1000624','2015',44,'DIESEL',3),(26,'BY-44',1,1,'LZYTDGD60F1001228','2015',25,'DIESEL',0),(27,'BY-48',1,1,'LZYTDGD6XF1001091','2015',25,'DIESEL',2),(28,'BY-49',1,1,'LZYTDGD67F1001193','2015',25,'DIESEL',3),(29,'BY-50',1,1,'LZYTDGD69F1001244','2015',25,'DIESEL',0),(30,'BY-51',1,1,'LZYTDGD66F1001069','2015',25,'DIESEL',1),(31,'BY-52',1,1,'LZYTDGD6XF1000961','2015',25,'DIESEL',3),(32,'BY-53',1,2,'LZYTETD22F1014887','2016',30,'DIESEL',3),(33,'BY-54',1,2,'LZYTETD24F1014888','2016',30,'DIESEL',0),(34,'BY-55',1,2,'LZYTETD23F1015157','2016',30,'DIESEL',3),(35,'BY-57',1,2,'LZYTETD27F1014884','2016',30,'DIESEL',0),(36,'BY-58',1,3,'LZYTAGE60G1000993','2016',44,'DIESEL',3),(37,'BY-59',1,3,'LZYTAGE68G1001034','2016',44,'DIESEL',0),(38,'BY-61',1,3,'LZYTAGE68G1000997','2016',44,'DIESEL',3),(39,'BY-62',1,3,'LZYTAGE65G1000990','2016',44,'DIESEL',0),(40,'BY-63',1,3,'LZYTAGE6XG1000967','2016',44,'DIESEL',3),(41,'BY-64',1,3,'LZYTAGE61G1000954','2016',44,'DIESEL',3),(42,'BY-65',1,3,'LZYTAGE69G1001009','2016',44,'DIESEL',0),(43,'BY-66',1,3,'LZYTAGE69G1000989','2016',44,'DIESEL',1),(44,'BY-67',1,3,'LZYTAGE66G1000965','2016',44,'DIESEL',3),(45,'BY-68',1,3,'LZYTAGE65G1007311','2016',44,'DIESEL',3),(46,'BY-69',1,3,'LZYTAGE64G1007333','2016',44,'DIESEL',0),(47,'BY-70',1,3,'LZYTAGE65G1007292','2016',44,'DIESEL',0),(48,'BY-71',1,3,'LZYTAGE67G1007312','2016',44,'DIESEL',0),(49,'BY-72',1,3,'LZYTAGE67G1000988','2016',44,'DIESEL',3),(50,'BY-73',1,1,'LZYTDGD60G1000615','2015',25,'DIESEL',0),(51,'BY-74',1,1,'LZYTDGD66G1000599','2015',25,'DIESEL',3),(52,'BY-75',1,1,'LZYTDGD63F1019772','2015',25,'DIESEL',0),(53,'BY-76',1,1,'LZYTDGD62F1019794','2015',25,'DIESEL',2),(54,'BY-77',1,1,'LZYTDGD64G1000598','2015',25,'DIESEL',2),(55,'BY-78',1,1,'LZYTDGD68G1009353','2015',25,'DIESEL',0),(56,'BY-80',1,1,'LZYTDGD66G1009402','2015',25,'DIESEL',1),(57,'BY-81',1,1,'LZYTDGD69G1009328','2015',25,'DIESEL',0),(58,'BY-82',1,1,'LZYTDGD65G1009343','2015',25,'DIESEL',1),(59,'BY-83',1,1,'LZYTDGD6XG1009399','2015',25,'DIESEL',0),(60,'BY-84',1,1,'LZYTDGD61G1009338','2015',25,'DIESEL',0),(61,'BY-85',1,3,'LZYTAGE65G1007308','2016',44,'DIESEL',3),(62,'BY-86',1,3,'LZYTAGE61G1007287','2016',44,'DIESEL',0),(63,'BY-87',1,3,'LZYTAGE67G1007293','2016',44,'DIESEL',3),(64,'BY-88',1,3,'LZYTAGE6XG1007336','2016',44,'DIESEL',2),(65,'BY-89',1,3,'LZYTAGE63G1007257','2016',44,'DIESEL',0),(66,'BY-90',1,3,'LZYTAGE64G1007350','2016',44,'DIESEL',0),(67,'BY-91',1,3,'LZYTAGE68G1007318','2016',44,'DIESEL',0),(68,'BY-92',1,3,'LZYTAGE66G1007284','2016',44,'DIESEL',0),(69,'BY-94',1,3,'LZYTAGE64G1007316','2016',44,'DIESEL',0),(70,'BY-95',1,3,'LZYTAGE68G1007352','2016',44,'DIESEL',0),(71,'BY-96',1,3,'LZYTAGE60G1007264','2016',44,'DIESEL',1),(72,'BY-97',1,3,'LZYTAGE61G1007290','2016',44,'DIESEL',1),(73,'BY-98',1,3,'LZYTAGE60G1007295','2016',44,'DIESEL',0),(74,'BY-99',1,3,'LZYTAGE63G1007260','2016',44,'DIESEL',3),(75,'BY-100',1,3,'LZYTAGE63G1007355','2016',44,'DIESEL',3),(76,'BY-101',1,3,'LZYTAGE63G1007310','2016',44,'DIESEL',0),(77,'BY-102',1,3,'LZYTAGE67G1007276','2016',44,'DIESEL',1),(78,'BY-103',1,3,'LZYTAGE68G1007271','2016',44,'DIESEL',1),(79,'BY-104',1,3,'LZYTAGE64G1021992','2016',44,'DIESEL',0),(80,'BY-105',1,3,'LZYTAGEF4C1009366','2012',44,'G.L.P',1),(81,'BY-106',1,4,'LZYTETC29K1039605','2019',25,'DIESEL',1),(82,'BY-107',1,4,'LZYTETC22K1039607','2019',25,'DIESEL',1),(83,'BY-108',1,4,'LZYTETC22K1041583','2019',25,'DIESEL',1),(84,'BY-109',1,4,'LZYTETC2XK1040973','2019',25,'DIESEL',1),(85,'BY-110',1,4,'LZYTETC25K1040279','2019',25,'DIESEL',1),(86,'BY-111',1,4,'LZYTETC29K1041340','2019',25,'DIESEL',3),(87,'BY-112',1,4,'LZYTETC24K1040998','2019',25,'DIESEL',1),(88,'BY-113',1,4,'LZYTETC22K1039610','2019',25,'DIESEL',2),(89,'BY-114',1,4,'LZYTETC2XK1041587','2019',25,'DIESEL',2),(90,'BY-115',1,4,'LZYTETC22K1041339','2019',25,'DIESEL',1),(91,'BY-116',1,5,'LZYTDGD60K1040685','2019',25,'DIESEL',1),(92,'BY-117',1,5,'LZYTDGD60K1040802','2019',25,'DIESEL',1),(93,'BY-118',1,5,'LZYTDGD6XK1040709','2019',25,'DIESEL',2),(94,'BY-119',1,5,'LZYTDGD68K1040742','2019',25,'DIESEL',1),(95,'BY-120',1,5,'LZYTDGD69K1040622','2019',25,'DIESEL',1),(96,'BY-121',1,5,'LZYTDGD62K1040655','2019',25,'DIESEL',1),(97,'BY-122',1,5,'LZYTDGD65K1040701','2019',25,'DIESEL',1),(98,'BY-123',1,5,'LZYTDGD61K1040761','2019',25,'DIESEL',1),(99,'BY-124',1,5,'LZYTDGD68K1040675','2019',25,'DIESEL',1),(100,'BY-125',1,5,'LZYTDGD61K1040680','2019',25,'DIESEL',1),(101,'BY-143',1,4,'LZYTETC26K1039562','2019',25,'DIESEL',1),(102,'BY-144',1,4,'LZYTETC26K1038640','2019',25,'DIESEL',3),(103,'BY-145',1,4,'LZYTETC28K1039515','2019',25,'DIESEL',1),(104,'BY-146',1,4,'LZYTETC22K1038618','2019',25,'DIESEL',2),(105,'BY-147',1,4,'LZYTETC25K1038449','2019',25,'DIESEL',1),(106,'BY-148',1,5,'LZYTDGD60L1036329','2020',25,'DIESEL',1),(107,'BY-149',1,5,'LZYTDGD66L1036349','2020',25,'DIESEL',1),(108,'BY-150',1,5,'LZYTDGD64L1036303','2020',25,'DIESEL',1),(109,'BY-151',1,5,'LZYTDGD6XM1040437','2021',25,'DIESEL',1),(110,'BY-152',1,5,'LZYTDGD67L1036330','2020',25,'DIESEL',3),(111,'BY-153',1,3,'LZYTAGE64M1012267','2021',44,'DIESEL',1),(112,'BY-154',1,3,'LZYTAGE63M1012289','2021',44,'DIESEL',1),(113,'BY-155',1,3,'LZYTAGE60M1012301','2021',44,'DIESEL',2),(114,'BY-156',1,3,'LZYTAGE67M1012330','2021',44,'DIESEL',2),(115,'BY-001',1,1,'LZYTDGD66G1009383','2016',25,'DIESEL',1),(116,'BY-002',1,1,'LZYTDGD65G1009326','2016',25,'DIESEL',3),(117,'BY-003',1,1,'LZYTDGD64G1009334','2016',25,'DIESEL',1),(118,'T-31',1,3,'LZYTAGEF5C1009425','2012',44,'G.L.P',3),(119,'T-040',1,3,'LZYTAGEF4C1009108','2012',44,'G.L.P',3),(120,'S/I',1,10,'LZZ5BLMJ6EN899588','2015',2,'DIESEL',1),(121,'BY-126',2,6,'434179723789','2000',37,'DIESEL',1),(122,'BY-127',2,11,'1HVBBAAN3YH313232','2000',37,'DIESEL',3),(123,'BY-128',2,6,'1HVBBABN5VH454992','2000',37,'DIESEL',1),(124,'BY-129',3,6,'4UZ6CJAC21CG86976','2000',37,'DIESEL',3),(125,'BY-130',3,6,'4UZ6CJAA51CG83634','2000',37,'DIESEL',1),(126,'BY-131',3,6,'4UZ6CJAA11CG83484','2000',37,'DIESEL',3),(127,'BY-132',2,6,'1HVBBABN3TH382509','2000',37,'DIESEL',3),(128,'BY-133',3,6,'4UZ6CJAA7YCG78493','2000',37,'DIESEL',3),(129,'BY-134',2,6,'1HVBBABN1W517023','2000',37,'DIESEL',1),(130,'BY-135',2,6,'1HVBBABNXWH517022','2000',37,'DIESEL',3),(131,'BY-136',2,6,'1HVBDAAL1VH454840','2000',37,'DIESEL',3),(132,'BY-137',2,6,'1HVBBABN4VH516947','2000',37,'DIESEL',3),(133,'BY-138',2,6,'1HVBBABN9YH313198','2000',37,'DIESEL',3),(134,'BY-139',2,6,'1HVBBAANXYH340413','2000',37,'DIESEL',1),(135,'BY-140',2,6,'4UZAAWAK72CJ95838','2000',37,'DIESEL',3),(136,'BY-141',2,6,'1HVBBAAN6YH261739','2000',37,'DIESEL',3),(137,'BY-142',2,6,'1HVBDZRK5RH561986','2000',37,'DIESEL',3),(138,'S/I',2,7,'1HVBDABN3TH383184','2000',37,'DIESEL',1),(139,'BY-157',2,7,'1HVBBAABN6TH383539','2000',37,'DIESEL',3),(140,'BY-158',2,7,'1HVBBAAN74H301224','2000',37,'DIESEL',3),(141,'BY-160',1,8,'LZYTDTC24M1036472','2022',25,'DIESEL',2),(142,'BY-161',1,3,'LZYTAGE66M1032181','2021',44,'DIESEL',1),(143,'BY-162',1,3,'LZYTAGE63M1032185','2021',44,'DIESEL',1),(144,'SS-002',4,9,'8XL6UMBG0DG000049','2013',30,'DIESEL',1),(145,'T-044',4,9,'8XL6UMBG3DG000059','2013',30,'DIESEL',2),(146,'T-050',4,9,'8XL6AMBG3DG000040','2013',30,'DIESEL',1),(147,'SD',1,1,'EREWE','2015',23,'DIESEL',0);
/*!40000 ALTER TABLE `table_flota` ENABLE KEYS */;
UNLOCK TABLES;

--
-- Table structure for table `table_historia`
--

DROP TABLE IF EXISTS `table_historia`;
/*!40101 SET @saved_cs_client     = @@character_set_client */;
/*!50503 SET character_set_client = utf8mb4 */;
CREATE TABLE `table_historia` (
  `entrada` int DEFAULT NULL,
  `salida` varchar(45) CHARACTER SET utf8mb3 COLLATE utf8mb3_spanish_ci DEFAULT NULL,
  `fecha` varchar(15) CHARACTER SET utf8mb3 COLLATE utf8mb3_spanish_ci DEFAULT NULL,
  `obs` text CHARACTER SET utf8mb3 COLLATE utf8mb3_spanish_ci,
  `id_producto` int NOT NULL,
  `id_proveedor` int NOT NULL,
  `id_usuario` int NOT NULL,
  KEY `fk_historia_producto1_idx` (`id_producto`),
  KEY `fk_historia_proveedor1_idx` (`id_proveedor`),
  KEY `fk_historia_usuario1_idx` (`id_usuario`),
  CONSTRAINT `fk_historia_producto1` FOREIGN KEY (`id_producto`) REFERENCES `table_producto` (`id_producto`),
  CONSTRAINT `fk_historia_proveedor1` FOREIGN KEY (`id_proveedor`) REFERENCES `table_proveedor` (`id_proveedor`),
  CONSTRAINT `fk_historia_usuario1` FOREIGN KEY (`id_usuario`) REFERENCES `table_user` (`user_id`)
) ENGINE=InnoDB DEFAULT CHARSET=utf8mb3 COLLATE=utf8mb3_spanish_ci;
/*!40101 SET character_set_client = @saved_cs_client */;

--
-- Dumping data for table `table_historia`
--

LOCK TABLES `table_historia` WRITE;
/*!40000 ALTER TABLE `table_historia` DISABLE KEYS */;
/*!40000 ALTER TABLE `table_historia` ENABLE KEYS */;
UNLOCK TABLES;

--
-- Table structure for table `table_marca`
--

DROP TABLE IF EXISTS `table_marca`;
/*!40101 SET @saved_cs_client     = @@character_set_client */;
/*!50503 SET character_set_client = utf8mb4 */;
CREATE TABLE `table_marca` (
  `id_marca` int NOT NULL,
  `marca_unidad` varchar(45) CHARACTER SET utf8mb3 COLLATE utf8mb3_spanish_ci DEFAULT NULL,
  PRIMARY KEY (`id_marca`)
) ENGINE=InnoDB DEFAULT CHARSET=utf8mb3 COLLATE=utf8mb3_spanish_ci;
/*!40101 SET character_set_client = @saved_cs_client */;

--
-- Dumping data for table `table_marca`
--

LOCK TABLES `table_marca` WRITE;
/*!40000 ALTER TABLE `table_marca` DISABLE KEYS */;
INSERT INTO `table_marca` VALUES (1,'YUTONG'),(2,'INTERNACIONAL'),(3,'FREITHLINE'),(4,'ENCAVA');
/*!40000 ALTER TABLE `table_marca` ENABLE KEYS */;
UNLOCK TABLES;

--
-- Table structure for table `table_menu`
--

DROP TABLE IF EXISTS `table_menu`;
/*!40101 SET @saved_cs_client     = @@character_set_client */;
/*!50503 SET character_set_client = utf8mb4 */;
CREATE TABLE `table_menu` (
  `id_menu` int NOT NULL AUTO_INCREMENT,
  `nombre_menu` varchar(50) CHARACTER SET utf8mb3 COLLATE utf8mb3_spanish_ci DEFAULT NULL,
  `descripcion` text CHARACTER SET utf8mb3 COLLATE utf8mb3_spanish_ci,
  `page_menu_open` varchar(50) CHARACTER SET utf8mb3 COLLATE utf8mb3_spanish_ci DEFAULT NULL,
  `page_link` varchar(50) CHARACTER SET utf8mb3 COLLATE utf8mb3_spanish_ci DEFAULT NULL,
  `icono_menu` text COLLATE utf8mb3_spanish_ci,
  `status` int DEFAULT NULL,
  PRIMARY KEY (`id_menu`)
) ENGINE=InnoDB AUTO_INCREMENT=7 DEFAULT CHARSET=utf8mb3 COLLATE=utf8mb3_spanish_ci;
/*!40101 SET character_set_client = @saved_cs_client */;

--
-- Dumping data for table `table_menu`
--

LOCK TABLES `table_menu` WRITE;
/*!40000 ALTER TABLE `table_menu` DISABLE KEYS */;
INSERT INTO `table_menu` VALUES (1,'PERSONAL',NULL,'user','user','fas fa-users',1),(2,'UNIDADES',NULL,'unidades','unidades','fas fa-bus',1),(3,'ALMACEN',NULL,'producto','producto','fas fa-receipt',1),(4,'DATA',NULL,'data','data','fas fa-database',1),(5,'ESTACION',NULL,'estacion','estacion','fas fa-gas-pump',1),(6,'MENU',NULL,'menu','menu','fas fa-sliders-h',1);
/*!40000 ALTER TABLE `table_menu` ENABLE KEYS */;
UNLOCK TABLES;

--
-- Table structure for table `table_menu_submenu`
--

DROP TABLE IF EXISTS `table_menu_submenu`;
/*!40101 SET @saved_cs_client     = @@character_set_client */;
/*!50503 SET character_set_client = utf8mb4 */;
CREATE TABLE `table_menu_submenu` (
  `id_menu_submenu` int NOT NULL AUTO_INCREMENT,
  `id_menu` int NOT NULL,
  `id_submenu` int NOT NULL,
  PRIMARY KEY (`id_menu_submenu`),
  KEY `fk_table_menu_submenu_table_menu1_idx` (`id_menu`),
  KEY `fk_table_menu_submenu_table_sub_menu1_idx` (`id_submenu`),
  CONSTRAINT `fk_table_menu_submenu_table_menu1` FOREIGN KEY (`id_menu`) REFERENCES `table_menu` (`id_menu`),
  CONSTRAINT `fk_table_menu_submenu_table_sub_menu1` FOREIGN KEY (`id_submenu`) REFERENCES `table_submenu` (`id_submenu`)
) ENGINE=InnoDB AUTO_INCREMENT=13 DEFAULT CHARSET=utf8mb3 COLLATE=utf8mb3_spanish_ci;
/*!40101 SET character_set_client = @saved_cs_client */;

--
-- Dumping data for table `table_menu_submenu`
--

LOCK TABLES `table_menu_submenu` WRITE;
/*!40000 ALTER TABLE `table_menu_submenu` DISABLE KEYS */;
INSERT INTO `table_menu_submenu` VALUES (1,1,1),(2,1,2),(3,2,3),(4,2,4),(5,3,5),(6,3,6),(7,3,7),(8,3,8),(9,4,9),(10,4,10),(11,5,12),(12,6,11);
/*!40000 ALTER TABLE `table_menu_submenu` ENABLE KEYS */;
UNLOCK TABLES;

--
-- Table structure for table `table_modelo`
--

DROP TABLE IF EXISTS `table_modelo`;
/*!40101 SET @saved_cs_client     = @@character_set_client */;
/*!50503 SET character_set_client = utf8mb4 */;
CREATE TABLE `table_modelo` (
  `id_modelo` int NOT NULL,
  `modelo_unidad` varchar(20) CHARACTER SET utf8mb3 COLLATE utf8mb3_spanish_ci DEFAULT NULL,
  PRIMARY KEY (`id_modelo`)
) ENGINE=InnoDB DEFAULT CHARSET=utf8mb3 COLLATE=utf8mb3_spanish_ci;
/*!40101 SET character_set_client = @saved_cs_client */;

--
-- Dumping data for table `table_modelo`
--

LOCK TABLES `table_modelo` WRITE;
/*!40000 ALTER TABLE `table_modelo` DISABLE KEYS */;
INSERT INTO `table_modelo` VALUES (1,'ZK6896HGA'),(2,'ZK6752D'),(3,'ZK6118HGA'),(4,'ZK6729D2'),(5,'ZK6852HG'),(6,'3800T-444E'),(7,'3600'),(8,'ZK6860HGA'),(9,'ENT610'),(10,'GRUA YTZ5257TQZ40EN'),(11,'3800T-466E');
/*!40000 ALTER TABLE `table_modelo` ENABLE KEYS */;
UNLOCK TABLES;

--
-- Table structure for table `table_personal`
--

DROP TABLE IF EXISTS `table_personal`;
/*!40101 SET @saved_cs_client     = @@character_set_client */;
/*!50503 SET character_set_client = utf8mb4 */;
CREATE TABLE `table_personal` (
  `id_personal` int NOT NULL AUTO_INCREMENT,
  `personal_cedula` varchar(15) CHARACTER SET utf8mb3 COLLATE utf8mb3_spanish_ci DEFAULT NULL,
  `personal_nombre` varchar(45) CHARACTER SET utf8mb3 COLLATE utf8mb3_spanish_ci DEFAULT NULL,
  `personal_cargo` int NOT NULL,
  `personal_tlf` varchar(45) CHARACTER SET utf8mb3 COLLATE utf8mb3_spanish_ci DEFAULT NULL,
  `personal_status` int DEFAULT NULL,
  PRIMARY KEY (`id_personal`),
  KEY `fk_table_personal_table_cargo1_idx` (`personal_cargo`),
  CONSTRAINT `fk_table_personal_table_cargo1` FOREIGN KEY (`personal_cargo`) REFERENCES `table_cargo` (`id_cargo`)
) ENGINE=InnoDB AUTO_INCREMENT=214 DEFAULT CHARSET=utf8mb3 COLLATE=utf8mb3_spanish_ci;
/*!40101 SET character_set_client = @saved_cs_client */;

--
-- Dumping data for table `table_personal`
--

LOCK TABLES `table_personal` WRITE;
/*!40000 ALTER TABLE `table_personal` DISABLE KEYS */;
INSERT INTO `table_personal` VALUES (1,'12726986','EDGAR ALEXANDER GONZALEZ RAGAS',22,'4263561488',1),(2,'13179131','JOSE GREGORIO COLINA OLIVERA',23,'4126774882',1),(3,'16594757','KERVIS CHARLES SEVILLA GARCIA',23,'4123963958',1),(4,'17319201','JESUS RODOLFO ROJAS GRATEROL',26,'4127610342',1),(5,'17319206','ELVIS RENIER ZERPA CAMACARO',23,'4145546428',1),(6,'20771626','VIDALIZ MAYERLING BLASCO MORENO',16,'4121614680',1),(7,'22315522','LEONARDO ANTONIO RIVERO PIÑA',23,'4245402701',1),(8,'16949514','FERNANDO VICENTE YOVERA CASTRO',30,'4127374751',1),(10,'19423408','MILEIVIS MAYERLING MOLLETONES MORALES',30,'4125165232',1),(11,'19614785','JOSE JESUS RAMON NOGUERA HEREDIA',26,'4121548537',1),(12,'19615717','NERI FELIPE BETANCOURT PEREZ',31,'4123694285',1),(13,'19835401','MIGUEL EMILIO ARIAS GARCIA',33,'4245527535',1),(14,'19818931','LUIS MIGUEL DELGADO BLANCO',34,'4162751732',1),(15,'20177619','ARTURO JOSE FALCON ALCINA',23,'4241728806',1),(16,'20178465','ROGACIANO RAMON CAMACARO CUAURO',26,'4245135779',1),(17,'16950402','YOLIMAR  MEZA TREJO',2,'4264655094',1),(18,'4353175','JULIO CESAR GUTIERREZ JIMENEZ',23,'4123733854',1),(19,'5875063','DOMINGO JOSE ALIENDRES',22,'4164230309',1),(20,'6089309','SEGUNDO ALFONSO RANGEL PEREIRA',26,'4245424132',1),(21,'6132720','LUIS ALBERTO ESCALONA ALVAREZ',35,'4144314020',1),(22,'7013369','ALEXIS RAMON FERNANDEZ ESQUEDA',17,'4144314020',1),(23,'7508106','CARLOS JOSE ROJAS RODRIGUEZ',23,'4125480436',1),(24,'7389851','GREGORIO RAFAEL YANEZ FIGUEROA',3,'4241728806',1),(25,'7519551','JOSE DE LOS SANTOS VASQUEZ VILLEGAS',23,'4128890147',1),(26,'7503792','ARISTEDE JOSE VARGAS CARO',23,'4121516587',1),(27,'7590451','JOSE MIGUEL CRESPO GARCIA',23,'4261171072',1),(28,'7577600','MAXIMO ENRIQUE MUJICA SILVA',23,'4145532662',1),(29,'7577840','YONNY ALEXANDER BRAVO ACOSTA',33,'4145532662',1),(30,'7583411','MISAEL ANTONIO CASTILLO',34,'4126788855',1),(31,'7584777','JUAN SEGUNDO GARCIA',23,'4126788855',1),(32,'7908910','ALEJANDRO JOSE FONSECA BRUNO',32,'4245745678',1),(33,'7910916','CESAR AUGUSTO OCHOA GONZALEZ',24,'2545551638',1),(34,'7913569','RAMON EDUARDO VILLEGAS OCHOA',34,'4263531298',1),(35,'7905125','EULOGIO ANTONIO COLINA MUÑOZ',23,'4128514929',1),(36,'7906200','CELSO ALDEMAR LUCAMBIO RIVAS',27,'2545610855',1),(37,'7905818','JOSE LUIS GONZALEZ',23,'4245986069',1),(38,'7965285','ADOLFO IVAN NERIS BARRIOS',34,'4145382559',1),(39,'8511049','MARGARITO  PEROZA',33,'4127814508',1),(40,'8511776','ELIO VIDAL SANCHEZ CARRERA',23,'2542312839',1),(41,'10187154','YAJAIRA JOSEFINA SANCHEZ DE MEDINA',16,'4120745438',1),(42,'10374793','PASCUAL ANTONIO DUQUE MONTERO',23,'4121296660',1),(43,'10373160','MARIBEL DEL VALLE VARGAS ROSALES',30,'4261541945',1),(44,'10372112','JOSE LEONIDES ORELLANA GONZALEZ',31,'4128251890',1),(45,'10365905','RUBEN ARNALDO OROPEZA TORRES',33,'4125630403',1),(46,'10314010','RAFAEL MARIA TORRES ARRAIZ',23,'4120284792',0),(47,'10366979','RAUL JESUS PEREZ',23,'4129159089',1),(48,'10853838','HENRY ALEXANDER AVENDAÑO',22,'4265587640',1),(49,'11270434','PEDRO MANUEL GONZALEZ GARRIDO',23,'4245567824',1),(50,'11273408','ALEXANDER MANUEL SEVILLA VARGAS',23,'4125095818',1),(51,'11275859','LUIS ENRIQUE DELGADO GODOY',34,'4145793417',1),(52,'11270325','RODOLFO JOSE MONTILLA FERNANDEZ',23,'4126803251',1),(53,'11278726','TONIS RAFAEL ALVAREZ LUGO',34,'4125626592',1),(54,'11037419','DILKE BETSY MEJIAS BOSQUE',4,'4164144664',1),(55,'11654856','FRANKLIN ALEXANDER OROPEZA',33,'4261072614',1),(56,'11651458','MIGUEL ANGEL ARTEAGA ECHENEGUCIA',23,'2549938589',1),(57,'11429100','RUBEN DARIO GOMEZ GUEDEZ',36,'4145349029',1),(58,'12078269','JUAN JOSE ASUAJE HERRERA',31,'4128513229',1),(59,'12077197','YDEMAR ESTEBAN OCHOA PEREZ',23,'4162614374',1),(60,'12285947','WILIMER ALEXANDER SANCHEZ PIÑA',5,'4128503497',1),(61,'12277247','DARWING WILFREDO PEREZ SIVIRA',23,'4126856582',1),(62,'12727992','LINO RAFAEL SUAREZ RAMIREZ',23,'4127724395',1),(63,'12280297','DAGNY ISMAEL NOGUERA GIMENEZ',23,'4245618979',1),(64,'12728460','WILMER JESUS LOAIZA REVERON',23,'4120569443',1),(65,'13095019','EDGAR ALEXANDER YOVERA OROPEZA',23,'4121699863',1),(66,'13095483','JOSE ALFREDO RAMIREZ LEO',23,'4125962924',1),(67,'13096799','FERNANDO ANTONIO ROJAS COLMENAREZ',23,'4125612881',1),(68,'12938859','CARLOS ALBERTO RIERA FUENTES',23,'4128505194',1),(69,'12937137','NELSON YOMAC REYES ARROYO',30,'4261186313',1),(70,'12936828','JOSE ANTONIO PAEZ BRACAMONTE',26,'4145745877',1),(71,'13502551','ADHIESER JOSE CAMPOS LARA',26,'4163585181',1),(72,'13489812','CESAR AUGUSTO DE JESUS OLIVERO',23,'4145459306',1),(73,'13618512','JOSE BAUDILIO OCHOA TOVAR',23,'4121506647',1),(74,'13321218','ALEXIS JOSE MACHADO PANTOJA',34,'4125458423',1),(75,'13696770','JOSE LEOMAR MENDOZA',32,'4121518484',1),(76,'13695217','RICHARD ALBERTO GIMENEZ MOLINA',23,'4162589772',1),(77,'14211080','RONNI RODERIK SANCHEZ SANCHEZ',37,'4125085635',1),(78,'13986871','ISMAEL ENRIQUE GRAO PUERTAS',23,'4126808201',1),(79,'13986190','RICARDO ALBERTO MOLLEJA ALEJOS',23,'4125243389',1),(80,'14337411','GRECIA ARGELIA CASTILLO GONZALEZ',14,'4168539022',1),(81,'14918792','DAMASO  BLANCO CASTILLO',23,'4267547554',1),(82,'14919368','WILKAR  MONTERO PAEZ',23,'4121560359',1),(83,'14607920','WILLIAM ENRIQUE INFANTE PARRA',18,'4125181629',1),(84,'14607514','LUIS ORLANDO MUÑOZ GUTIERREZ',1,'4126792872',1),(85,'14997242','WILLIAN PASCUAL MEDINA PIÑA',26,'4121690227',1),(86,'14710907','PEDRO JOSE RODRIGUEZ LUCENA',23,'4262428605',1),(87,'15109850','JOSE FERNANDO GARCIA BETANCOURT',23,'4162071075',1),(88,'15284901','RAUL ANDRES OROPEZA CORONA',25,'4121529246',1),(89,'15285799','YAMILETH MARIA BRACHO PEREZ',37,'4126799658',1),(90,'15284808','ADEXON RAFAEL RIVERO MARTINEZ',23,'4120557804',0),(91,'15284488','DEIBY TOMAS ROJAS GRATEROL',28,'4121794377',1),(92,'15508315','EDISON GIOVANNY TOVAR DURANGO',23,'4120188748',1),(93,'15484768','WILSON JOSE VEGAS AGUILAR',23,'4129154814',1),(94,'15966886','DAYANA ANDREINA GONZALEZ GOMEZ',30,'4121568639',1),(95,'15964506','WILLY JOSE TREJO ARTEAGA',23,'4125270879',1),(96,'15382974','ALISANDER JOSE ALVARADO SEQUERA',23,'4244045873',1),(97,'15767043','YSMAEL RAMON COLMENAREZ GODOY',23,'4125455591',1),(98,'16218916','JENNIFFER IBELICE MENDOZA',22,'4168674401',1),(99,'16261541','JOSE YGNACIO OVIEDO TOVAR',37,'4124750831',1),(100,'16483958','ORLUIS EDUARDO INOJOSA DAZA',34,'4163850870',0),(101,'16481170','TONY ALEJANDRO DA SILVA GARCIA',37,'4120949732',1),(102,'16592476','JOHANDRIS ALFREDO PINTO QUERALES',23,'4169106823',1),(103,'17285275','ISAIAS JOSE GAMEZ HIDALGO',6,'4127608234',1),(104,'17320811','JONAS JAVIER LABASTIDAS',23,'4125659951',1),(105,'17024913','FREDDY JESUS BORGES GONZALEZ',23,'4261255392',1),(106,'17699997','CARLOS EDUARDO MUJICA JIMENEZ',38,'4125283434',0),(107,'17699446','MARIANNY ZUGELIS GOMEZ VASQUEZ',39,'4267409007',1),(108,'17700706','MAILIN KARINA BARRIOS DE COLMENAREZ',39,'4127611398',1),(109,'16951484','DAYMER JESUS RIVERO RUIZ',36,'2548817979',1),(110,'17505991','GERMAN ARMANDO LOPEZ GIMENEZ',23,'4122608363',0),(111,'17637414','FRANKLIN JAVIER TRAVIEZO ORDOÑEZ',23,'4125235088',1),(112,'17814241','FRANKI JOSE GALEANO JIMENEZ',23,'4125241887',1),(113,'17991498','ELIODORO ANTONIO QUIÑONES HERNANDEZ',23,'4121545823',0),(114,'18140766','DEIVID RAFAEL ESCOBAR',23,'4264210000',1),(115,'18547240','GREGORI ELIONAHY TRUJILLO VILORIA',23,'4125285923',1),(116,'20319351','OSCAR ANTONIO GARRIDO ESCORCHE',23,'4125112631',1),(117,'19455710','DIOCELMYS GERALDINE ALEJOS OLIVARE',7,'4264569482',1),(118,'20889494','GIORMARY YUBIRY ALVARADO GRATEROL',40,'4245877595',1),(119,'21402537','YOXIMAR COROMOTO RODRIGUEZ TUA',30,'4125235281',1),(120,'21300106','WISTON SIOBERTO GOMEZ LOPEZ',23,'4164909156',1),(121,'21301535','ADRIAN ANTONIO DUQUE LORBEN',22,'4161517209',1),(122,'21303116','EIBER SAMIR MORALES CASTILLO',23,'4125582660',1),(123,'24634774','YORBIN RAFAEL LOPEZ MATOS',33,'4264720570',1),(124,'24165177','HILARIO PASTOR RIGIO',34,'4245305827',1),(125,'25359637','ROBERT ANTONIO LIZARRAGA VELIZ',22,'4163801124',1),(126,'24772399','YOSER YOHAN MARTINEZ TORRES',15,'4120550426',1),(127,'25455123','HUMBERTO JOSE RIOS BLANCO',32,'4162123414',0),(128,'25927501','ANA GRACIELA MUÑOZ SANCHEZ',39,'4121636504',1),(129,'25928305','JOSE MIGUEL GOITIA HERNANDEZ',23,'4264726040',0),(130,'26461287','SOCRATES MANUEL ARGUELLE VASQUEZ',33,'4245170845',1),(131,'27258931','STEPHANY  MENDOZA LOYO',39,'4161614998',1),(132,'26474546','MAIKER YOEL GONZALEZ VILLALOBO',33,'4125455774',1),(133,'19454814','KENNY XAVIER VIDAL PEREZ',23,'4121515257',1),(134,'27679788','ORRAIZA CAROLINA MAJANO RIVERO',39,'4123844911',1),(135,'27679749','DEHILER JOSE GALEA TOVAR',34,'4125124065',1),(136,'28253669','ALEXANDER DANIEL SANCHEZ DIAZ',22,'2542348156',1),(137,'29560145','FRANYER EDUARDO MENDOZA CASTILLO',32,'4124115249',1),(138,'29560938','MAIKELYS CAROLINNE MARTINEZ SALAS',30,'4124131577',1),(139,'29813769','ELISAUL JOSE ZAVALA FERNANDEZ',33,'4120539034',1),(140,'29745875','LENIAD SAUL ROMERO GRATEROL',26,'4164909645',1),(141,'30348709','EGARDO JOSE FAUSTINO GUEVARA TOVAR',32,'4125955532',1),(142,'28047161','WILKER JOSE PEÑA CASTILLO',26,'2545610959',1),(143,'26583167','JOSE ALBERTO OCHOA TOVAR',32,'4124225737',1),(144,'31627957','ANGEL GABRIEL GRANADO GARCIA',22,'4267622831',1),(145,'4773196','FEDERICO ARNOLDO GALINDEZ GUTIERREZ',30,'4164230309',1),(146,'25927621','NELSON GABRIEL JIMENEZ LEON',8,'4162528903',1),(147,'7918455','MANUEL ALBERTO ARROYO ANDRADES',30,'4160538826',1),(148,'7905380','EGAR ENRIQUE COLMENAREZ ANGARITA',23,'4120520278',1),(149,'8510733','JUAN ALEXANDER RIERA LOPEZ',9,'4126775687',1),(150,'8512285','CRISTIAN ALFONZO CAMACHO CASTILLO',26,'4144060080',1),(151,'8514153','MAGALY  SANCHEZ ZUMOSA',22,'2548035751',1),(152,'11270211','WILMER ARGEL MEZA BARICO',23,'4128250360',1),(153,'10366861','RUBEN DARIO BARRAGAN GALINDEZ',33,'4125626281',1),(154,'10370748','JESUS ALBERTO OCHOA',23,'4123300260',1),(155,'10372750','CLEIVER JAVIER CARMONA',36,'4260357406',1),(156,'11654974','MIGUEL ANGEL MEDINA MUJICA',23,'4164565111',1),(157,'12724293','ROMAN DOMINGO PEREZ LOPEZ',29,'4125477870',1),(158,'12727460','EBERTH JOSE MOGOLLON CASTILLO',23,'4169582207',1),(159,'12281275','RICHARD JOSE SILVA LOYO',26,'NO POSEE',1),(160,'12079466','PEDRO RAFAEL CHAVEZ AULAR',23,'4126788966',1),(161,'16593344','RAFAEL SIMON CASTILLO ACOSTA',21,'4126770078',1),(162,'15109086','YUDELKA DEL CARMEN SALAS GUTIERREZ',30,'2542311160',1),(163,'13638608','DENIS JESUS INOJOSA MATA',23,'4124371564',1),(164,'13314950','RIMEL JOSE CASTELLANOS CARMONA',23,'4120590689',1),(165,'17380854','JOEL ANTONIO MANZANO QUINTERO',26,'4164363054',1),(166,'14210812','FRANCISCO JAVIER PINTO PINEDA',23,'4265530921',1),(167,'15579665','MULLER JAIR MERLO',23,'4245399116',1),(168,'22726052','DIEGO EMILIO PETIT GARCIA',23,'4121564897',1),(169,'14710586','ELVIS HORANEG INOJOSA ESCALANO',23,'4120548287',1),(170,'15250737','LUIS EDUARDO HERNANDEZ MACHADO',23,'4244289725',1),(171,'17061764','GILBERTO GUSTAVO MONTOYA RIVERO',23,'4122122813',1),(172,'16950502','ERICK ALEXANDER MENDOZA LOPEZ',23,'4125163804',1),(173,'13796471','NELSON JAVIER LEDEZMA RODRIGUEZ',34,'4121654205',1),(174,'21300980','JESUS ANTONIO GUTIERREZ HERNANDEZ',42,'4120633858',1),(175,'16592232','JOSE GREGORIO VELIZ MUJICA',23,'4144157488',1),(176,'20891437','FRANCISBEL LOPEZ OJEDA',41,'4161261562',1),(177,'24166516','BETHMARY DEL VALLE MONSERRATT OCHOA',10,'2545565028',1),(178,'21300545','DIOSGLYMAR DEL CARMEN PETIT DIAZ',39,'4162826946',1),(179,'17254812','JHANDER JOSE RIVAS',23,'4165769211',1),(180,'19818143','KEYLA MIRELBA CHAVEZ ADAMES',17,'4245106388',1),(181,'14345809','WENSIS TONY ZAPATIER BELISARIO',23,'4121752760',1),(182,'18548678','FRANCIS MARIA DE JESUS DOMINGUEZ RAMOS',30,'4122956694',1),(183,'19818960','HECTOR MIGUEL CHAVEZ YEPEZ',23,'4125615061',1),(184,'16112931','DARWIN RAFAEL PAZ LOZADAS',34,'2545554050',1),(185,'20176327','DANIEL ANTONIO PEREZ GIMENEZ',23,'4145286869',0),(186,'18303513','EDUARDO LUIS RODRIGUEZ SALCEDO',23,'4263282077',1),(187,'19414370','ELIAS JAVIER PEREZ GUTIERREZ',23,'2518833819',1),(188,'15966895','JOSE ANTONIO ZABALETA RAMOS',11,'2542345474',1),(189,'17698679','JESUS EDUARDO OSUNA DIAZ',36,'4262004698',1),(190,'16110864','RICARDO URBANO ESPINOZA HEREDIA',32,'4261888445',1),(191,'15338535','ANGEL ALBERTO ORTIZ',23,'4126424087',1),(192,'15484168','LEIVIS ZUGEIS GOMEZ VASQUEZ',12,'4245070190',1),(193,'14608650','YERLINE YIPSIT GARCIA TACOA',21,'4124390536',1),(194,'19614475','JEAN CARLOS PINTO PEREZ',23,'4125413264',1),(196,'30348841','JOSE ANTONIO GONZALEZ DELGADO',20,'4127726366',1),(197,'17149274','DANIEL ISAAES PARRAGA CUAURO',23,'2548816742',1),(198,'20891415','KARLY ELENA MONTOYA MONTILLA',30,'4125770180',1),(200,'18052609','MARIA HELAMIN LOPEZ',30,'04168589048',1),(201,'16950123','ROSANA YELITZA DIAZ DAVILA',30,'04125272367',1),(202,'15338990','YORMAN SECO',33,'1111111111',0),(203,'32704057','JOSE MANUEL PEREIRA',33,'111111111',0),(204,'17061992','JESUS MENDOZA',38,'1111111111',1),(205,'16822345','GARRIDO LUSCAR K',30,'123456',1),(206,'17149663','RODRIGO GLENDY',38,'123456',1),(207,'22316377','BLANCO H ALEXANDER J',43,'4161652053',1),(208,'30215780','KARLA MARTINEZ',30,'04168587458',1),(209,'18689501','HEREDIA GUSTAVO',38,'04169832564',1),(212,'6326045','QUINTERO YERSIN',34,'123456',1),(213,'15769775','YBET NACARI',5,'04125181629',3);
/*!40000 ALTER TABLE `table_personal` ENABLE KEYS */;
UNLOCK TABLES;

--
-- Table structure for table `table_producto`
--

DROP TABLE IF EXISTS `table_producto`;
/*!40101 SET @saved_cs_client     = @@character_set_client */;
/*!50503 SET character_set_client = utf8mb4 */;
CREATE TABLE `table_producto` (
  `id_producto` int NOT NULL AUTO_INCREMENT,
  `id_enlace_producto` int NOT NULL,
  `id_ubicacion` int NOT NULL,
  `producto` varchar(45) CHARACTER SET utf8mb3 COLLATE utf8mb3_spanish_ci DEFAULT NULL,
  `tag_producto` int DEFAULT NULL,
  `status_producto` int DEFAULT NULL,
  PRIMARY KEY (`id_producto`),
  KEY `fk_table_producto_table_ubicacion1_idx` (`id_ubicacion`),
  KEY `fk_table_producto_table_enlace_producto1_idx` (`id_enlace_producto`),
  CONSTRAINT `fk_table_producto_table_enlace_producto1` FOREIGN KEY (`id_enlace_producto`) REFERENCES `table_enlace_producto` (`id_enlace_producto`),
  CONSTRAINT `fk_table_producto_table_ubicacion1` FOREIGN KEY (`id_ubicacion`) REFERENCES `table_ubicacion` (`id_ubicacion`)
) ENGINE=InnoDB DEFAULT CHARSET=utf8mb3 COLLATE=utf8mb3_spanish_ci;
/*!40101 SET character_set_client = @saved_cs_client */;

--
-- Dumping data for table `table_producto`
--

LOCK TABLES `table_producto` WRITE;
/*!40000 ALTER TABLE `table_producto` DISABLE KEYS */;
/*!40000 ALTER TABLE `table_producto` ENABLE KEYS */;
UNLOCK TABLES;

--
-- Table structure for table `table_proveedor`
--

DROP TABLE IF EXISTS `table_proveedor`;
/*!40101 SET @saved_cs_client     = @@character_set_client */;
/*!50503 SET character_set_client = utf8mb4 */;
CREATE TABLE `table_proveedor` (
  `id_proveedor` int NOT NULL AUTO_INCREMENT,
  `rif_proveedor` varchar(15) CHARACTER SET utf8mb3 COLLATE utf8mb3_spanish_ci DEFAULT NULL,
  `empresa_proveedor` varchar(45) CHARACTER SET utf8mb3 COLLATE utf8mb3_spanish_ci DEFAULT NULL,
  `responsable_proveedor` varchar(50) CHARACTER SET utf8mb3 COLLATE utf8mb3_spanish_ci DEFAULT NULL,
  `email_proveedor` varchar(45) CHARACTER SET utf8mb3 COLLATE utf8mb3_spanish_ci DEFAULT NULL,
  `tlf_proveedor` varchar(15) CHARACTER SET utf8mb3 COLLATE utf8mb3_spanish_ci DEFAULT NULL,
  `status_proveedor` int DEFAULT NULL,
  PRIMARY KEY (`id_proveedor`)
) ENGINE=InnoDB AUTO_INCREMENT=2 DEFAULT CHARSET=utf8mb3 COLLATE=utf8mb3_spanish_ci;
/*!40101 SET character_set_client = @saved_cs_client */;

--
-- Dumping data for table `table_proveedor`
--

LOCK TABLES `table_proveedor` WRITE;
/*!40000 ALTER TABLE `table_proveedor` DISABLE KEYS */;
INSERT INTO `table_proveedor` VALUES (1,'J200120070','SSLMTY','N/A','busyaracuy@gmail.com','n/a',1);
/*!40000 ALTER TABLE `table_proveedor` ENABLE KEYS */;
UNLOCK TABLES;

--
-- Table structure for table `table_relacion_despacho`
--

DROP TABLE IF EXISTS `table_relacion_despacho`;
/*!40101 SET @saved_cs_client     = @@character_set_client */;
/*!50503 SET character_set_client = utf8mb4 */;
CREATE TABLE `table_relacion_despacho` (
  `id_despacho` int NOT NULL,
  `id_producto` int NOT NULL,
  `cant_despacho` int DEFAULT NULL,
  KEY `fk_table_relacion_despacho_table_despacho1_idx` (`id_despacho`),
  KEY `fk_table_relacion_despacho_table_producto1_idx` (`id_producto`),
  CONSTRAINT `fk_table_relacion_despacho_table_despacho1` FOREIGN KEY (`id_despacho`) REFERENCES `table_despacho` (`id_despacho`),
  CONSTRAINT `fk_table_relacion_despacho_table_producto1` FOREIGN KEY (`id_producto`) REFERENCES `table_producto` (`id_producto`)
) ENGINE=InnoDB DEFAULT CHARSET=utf8mb3 COLLATE=utf8mb3_spanish_ci;
/*!40101 SET character_set_client = @saved_cs_client */;

--
-- Dumping data for table `table_relacion_despacho`
--

LOCK TABLES `table_relacion_despacho` WRITE;
/*!40000 ALTER TABLE `table_relacion_despacho` DISABLE KEYS */;
/*!40000 ALTER TABLE `table_relacion_despacho` ENABLE KEYS */;
UNLOCK TABLES;

--
-- Table structure for table `table_relacion_producto`
--

DROP TABLE IF EXISTS `table_relacion_producto`;
/*!40101 SET @saved_cs_client     = @@character_set_client */;
/*!50503 SET character_set_client = utf8mb4 */;
CREATE TABLE `table_relacion_producto` (
  `id_producto` int NOT NULL,
  `id_proveedor` int NOT NULL,
  `cant_producto` int NOT NULL,
  KEY `fk_table_relacion_articulo_table_producto1_idx` (`id_producto`),
  KEY `fk_table_relacion_articulo_table_proveedor1_idx` (`id_proveedor`),
  CONSTRAINT `fk_table_relacion_articulo_table_producto1` FOREIGN KEY (`id_producto`) REFERENCES `table_producto` (`id_producto`),
  CONSTRAINT `fk_table_relacion_articulo_table_proveedor1` FOREIGN KEY (`id_proveedor`) REFERENCES `table_proveedor` (`id_proveedor`)
) ENGINE=InnoDB DEFAULT CHARSET=utf8mb3 COLLATE=utf8mb3_spanish_ci;
/*!40101 SET character_set_client = @saved_cs_client */;

--
-- Dumping data for table `table_relacion_producto`
--

LOCK TABLES `table_relacion_producto` WRITE;
/*!40000 ALTER TABLE `table_relacion_producto` DISABLE KEYS */;
/*!40000 ALTER TABLE `table_relacion_producto` ENABLE KEYS */;
UNLOCK TABLES;

--
-- Table structure for table `table_roles`
--

DROP TABLE IF EXISTS `table_roles`;
/*!40101 SET @saved_cs_client     = @@character_set_client */;
/*!50503 SET character_set_client = utf8mb4 */;
CREATE TABLE `table_roles` (
  `rol_id` int NOT NULL AUTO_INCREMENT,
  `rol_name` varchar(45) CHARACTER SET utf8mb3 COLLATE utf8mb3_spanish_ci DEFAULT NULL,
  `rol_descripcion` text CHARACTER SET utf8mb3 COLLATE utf8mb3_spanish_ci,
  `rol_status` int DEFAULT NULL,
  PRIMARY KEY (`rol_id`)
) ENGINE=InnoDB AUTO_INCREMENT=4 DEFAULT CHARSET=utf8mb3 COLLATE=utf8mb3_spanish_ci;
/*!40101 SET character_set_client = @saved_cs_client */;

--
-- Dumping data for table `table_roles`
--

LOCK TABLES `table_roles` WRITE;
/*!40000 ALTER TABLE `table_roles` DISABLE KEYS */;
INSERT INTO `table_roles` VALUES (1,'ADMINISTRADOR','administrador',1),(2,'ENCARGADO','encargado del sistema',1),(3,'EMPLEADO','Provicional',1);
/*!40000 ALTER TABLE `table_roles` ENABLE KEYS */;
UNLOCK TABLES;

--
-- Table structure for table `table_submenu`
--

DROP TABLE IF EXISTS `table_submenu`;
/*!40101 SET @saved_cs_client     = @@character_set_client */;
/*!50503 SET character_set_client = utf8mb4 */;
CREATE TABLE `table_submenu` (
  `id_submenu` int NOT NULL AUTO_INCREMENT,
  `nombre_submenu` varchar(50) CHARACTER SET utf8mb3 COLLATE utf8mb3_spanish_ci DEFAULT NULL,
  `descripcion` text CHARACTER SET utf8mb3 COLLATE utf8mb3_spanish_ci,
  `url` varchar(50) CHARACTER SET utf8mb3 COLLATE utf8mb3_spanish_ci DEFAULT NULL,
  `page_link_activo` varchar(50) CHARACTER SET utf8mb3 COLLATE utf8mb3_spanish_ci DEFAULT NULL,
  `status` int DEFAULT NULL,
  PRIMARY KEY (`id_submenu`)
) ENGINE=InnoDB AUTO_INCREMENT=13 DEFAULT CHARSET=utf8mb3 COLLATE=utf8mb3_spanish_ci;
/*!40101 SET character_set_client = @saved_cs_client */;

--
-- Dumping data for table `table_submenu`
--

LOCK TABLES `table_submenu` WRITE;
/*!40000 ALTER TABLE `table_submenu` DISABLE KEYS */;
INSERT INTO `table_submenu` VALUES (1,'USUARIOS',NULL,'usuarios','user',1),(2,'PERSONAL',NULL,'personal','personal',1),(3,'FLOTA',NULL,'flota','flota',1),(4,'MANTENIMIENTO',NULL,'flota/ingresar_mant','mantenimiento',1),(5,'PRODUCTOS',NULL,'producto','producto',1),(6,'PROVEEDOR',NULL,'proveedor','proveedor',1),(7,'DESPACHO',NULL,'orden/despacho','despacho',1),(8,'LISTA DE ORDENES',NULL,'orden/listaordenes','listadeordenes',1),(9,'CLEAN',NULL,'datamant/clean','clean',1),(10,'UNIDAD MANT',NULL,'datamant','unidadmant',1),(11,'EDITAR MENU',NULL,'menu','editarmenu',1),(12,'DESPACHO COMBUSTIBLE',NULL,'estacion','estacion',1);
/*!40000 ALTER TABLE `table_submenu` ENABLE KEYS */;
UNLOCK TABLES;

--
-- Table structure for table `table_tasa_dia`
--

DROP TABLE IF EXISTS `table_tasa_dia`;
/*!40101 SET @saved_cs_client     = @@character_set_client */;
/*!50503 SET character_set_client = utf8mb4 */;
CREATE TABLE `table_tasa_dia` (
  `id_tasa_dia` int NOT NULL AUTO_INCREMENT,
  `tasa_dia` double DEFAULT NULL,
  PRIMARY KEY (`id_tasa_dia`)
) ENGINE=InnoDB AUTO_INCREMENT=2 DEFAULT CHARSET=utf8mb3 COLLATE=utf8mb3_spanish_ci;
/*!40101 SET character_set_client = @saved_cs_client */;

--
-- Dumping data for table `table_tasa_dia`
--

LOCK TABLES `table_tasa_dia` WRITE;
/*!40000 ALTER TABLE `table_tasa_dia` DISABLE KEYS */;
INSERT INTO `table_tasa_dia` VALUES (1,40);
/*!40000 ALTER TABLE `table_tasa_dia` ENABLE KEYS */;
UNLOCK TABLES;

--
-- Table structure for table `table_ticket_venta`
--

DROP TABLE IF EXISTS `table_ticket_venta`;
/*!40101 SET @saved_cs_client     = @@character_set_client */;
/*!50503 SET character_set_client = utf8mb4 */;
CREATE TABLE `table_ticket_venta` (
  `id_ticket_venta` int NOT NULL AUTO_INCREMENT,
  `nombre_ticket` text,
  `ci_ticket` varchar(15) DEFAULT NULL,
  `tipo_vehiculo_ticket` int DEFAULT NULL,
  `placa_ticket` varchar(10) DEFAULT NULL,
  `lts_ticket` int DEFAULT NULL,
  `tipo_pago_ticket` int DEFAULT NULL,
  `monto_ticket` varchar(10) DEFAULT NULL,
  `tasa_dia` double DEFAULT NULL,
  `fecha_ticket` varchar(15) DEFAULT NULL,
  `hora_ticket` varchar(10) DEFAULT NULL,
  `id_user` int NOT NULL,
  `status_ticket` int DEFAULT NULL,
  PRIMARY KEY (`id_ticket_venta`),
  KEY `fk_table_ticket_venta_table_user1_idx` (`id_user`),
  CONSTRAINT `fk_table_ticket_venta_table_user1` FOREIGN KEY (`id_user`) REFERENCES `table_user` (`user_id`)
) ENGINE=InnoDB DEFAULT CHARSET=utf8mb3;
/*!40101 SET character_set_client = @saved_cs_client */;

--
-- Dumping data for table `table_ticket_venta`
--

LOCK TABLES `table_ticket_venta` WRITE;
/*!40000 ALTER TABLE `table_ticket_venta` DISABLE KEYS */;
/*!40000 ALTER TABLE `table_ticket_venta` ENABLE KEYS */;
UNLOCK TABLES;

--
-- Table structure for table `table_timeline`
--

DROP TABLE IF EXISTS `table_timeline`;
/*!40101 SET @saved_cs_client     = @@character_set_client */;
/*!50503 SET character_set_client = utf8mb4 */;
CREATE TABLE `table_timeline` (
  `time_id` int NOT NULL AUTO_INCREMENT,
  `time_id_user` int NOT NULL,
  `time_codigo` varchar(45) CHARACTER SET utf8mb3 COLLATE utf8mb3_spanish_ci DEFAULT NULL,
  `time_fecha` varchar(20) CHARACTER SET utf8mb3 COLLATE utf8mb3_spanish_ci DEFAULT NULL,
  `time_inicio` varchar(20) CHARACTER SET utf8mb3 COLLATE utf8mb3_spanish_ci DEFAULT NULL,
  `time_fin` varchar(20) CHARACTER SET utf8mb3 COLLATE utf8mb3_spanish_ci DEFAULT NULL,
  PRIMARY KEY (`time_id`),
  KEY `fk_table_timeline_table_user1_idx` (`time_id_user`),
  CONSTRAINT `fk_table_timeline_table_user1` FOREIGN KEY (`time_id_user`) REFERENCES `table_user` (`user_id`)
) ENGINE=InnoDB DEFAULT CHARSET=utf8mb3 COLLATE=utf8mb3_spanish_ci;
/*!40101 SET character_set_client = @saved_cs_client */;

--
-- Dumping data for table `table_timeline`
--

LOCK TABLES `table_timeline` WRITE;
/*!40000 ALTER TABLE `table_timeline` DISABLE KEYS */;
/*!40000 ALTER TABLE `table_timeline` ENABLE KEYS */;
UNLOCK TABLES;

--
-- Table structure for table `table_ubicacion`
--

DROP TABLE IF EXISTS `table_ubicacion`;
/*!40101 SET @saved_cs_client     = @@character_set_client */;
/*!50503 SET character_set_client = utf8mb4 */;
CREATE TABLE `table_ubicacion` (
  `id_ubicacion` int NOT NULL AUTO_INCREMENT,
  `ubicacion` varchar(45) CHARACTER SET utf8mb3 COLLATE utf8mb3_spanish_ci DEFAULT NULL,
  PRIMARY KEY (`id_ubicacion`)
) ENGINE=InnoDB AUTO_INCREMENT=20 DEFAULT CHARSET=utf8mb3 COLLATE=utf8mb3_spanish_ci;
/*!40101 SET character_set_client = @saved_cs_client */;

--
-- Dumping data for table `table_ubicacion`
--

LOCK TABLES `table_ubicacion` WRITE;
/*!40000 ALTER TABLE `table_ubicacion` DISABLE KEYS */;
INSERT INTO `table_ubicacion` VALUES (1,'ZK6896HGA'),(2,'ZK6752D'),(3,'ZK6118HGA'),(4,'ZK6729D2'),(5,'ZK6852HG'),(6,'3800T-444E'),(7,'3600'),(8,'ZK6860HGA'),(9,'ENT610'),(10,'ESTANTE A'),(11,'ESTANTE B'),(12,'ESTANTE C'),(13,'ESTANTE D'),(14,'ESTANTE E'),(15,'ESTANTE F'),(16,'ESTANTE G'),(17,'ESTANTE H'),(18,'MESANINA'),(19,'ALMACEN B');
/*!40000 ALTER TABLE `table_ubicacion` ENABLE KEYS */;
UNLOCK TABLES;

--
-- Table structure for table `table_unidad_mantenimiento`
--

DROP TABLE IF EXISTS `table_unidad_mantenimiento`;
/*!40101 SET @saved_cs_client     = @@character_set_client */;
/*!50503 SET character_set_client = utf8mb4 */;
CREATE TABLE `table_unidad_mantenimiento` (
  `id_unidad_mantenimiento` int NOT NULL AUTO_INCREMENT,
  `id_flota` int NOT NULL,
  `ruta_unidad` text CHARACTER SET utf8mb3 COLLATE utf8mb3_spanish_ci,
  `operardor_unidad` text CHARACTER SET utf8mb3 COLLATE utf8mb3_spanish_ci,
  `nomb_mecanico` text CHARACTER SET utf8mb3 COLLATE utf8mb3_spanish_ci,
  `km_unidad` varchar(20) CHARACTER SET utf8mb3 COLLATE utf8mb3_spanish_ci DEFAULT NULL,
  `tipo_mantenimiento` char(1) CHARACTER SET utf8mb3 COLLATE utf8mb3_spanish_ci DEFAULT NULL,
  `diagnostico` text CHARACTER SET utf8mb3 COLLATE utf8mb3_spanish_ci,
  `recomendacion` text CHARACTER SET utf8mb3 COLLATE utf8mb3_spanish_ci,
  `obsOperador` text CHARACTER SET utf8mb3 COLLATE utf8mb3_spanish_ci,
  `obsSupervisor` text CHARACTER SET utf8mb3 COLLATE utf8mb3_spanish_ci,
  `obsSalida` text CHARACTER SET utf8mb3 COLLATE utf8mb3_spanish_ci,
  `fecha_entrada` varchar(25) CHARACTER SET utf8mb3 COLLATE utf8mb3_spanish_ci DEFAULT NULL,
  `fecha_salida` varchar(25) CHARACTER SET utf8mb3 COLLATE utf8mb3_spanish_ci DEFAULT NULL,
  `status_mantenimiento` char(1) CHARACTER SET utf8mb3 COLLATE utf8mb3_spanish_ci DEFAULT NULL,
  `user_id` int NOT NULL,
  PRIMARY KEY (`id_unidad_mantenimiento`),
  KEY `fk_table_unidad_mantenimiento_table_flota1_idx` (`id_flota`),
  KEY `fk_table_unidad_mantenimiento_table_user1_idx` (`user_id`),
  CONSTRAINT `fk_table_unidad_mantenimiento_table_flota1` FOREIGN KEY (`id_flota`) REFERENCES `table_flota` (`id_flota`),
  CONSTRAINT `fk_table_unidad_mantenimiento_table_user1` FOREIGN KEY (`user_id`) REFERENCES `table_user` (`user_id`)
) ENGINE=InnoDB AUTO_INCREMENT=150 DEFAULT CHARSET=utf8mb3 COLLATE=utf8mb3_spanish_ci;
/*!40101 SET character_set_client = @saved_cs_client */;

--
-- Dumping data for table `table_unidad_mantenimiento`
--

LOCK TABLES `table_unidad_mantenimiento` WRITE;
/*!40000 ALTER TABLE `table_unidad_mantenimiento` DISABLE KEYS */;
INSERT INTO `table_unidad_mantenimiento` VALUES (1,88,'SERVICIO ESPECIAL','YDEMAR OCHOA','WILLIAM MEDINA','852963','c','SE DESPRENDIO LA PROPERA DEL  TURBOCOMPRESOR  Y 2 INYECTORES','BAJAR LA CAMARA Y VERIFICAR MOTOR COMPLETO','UNIDAD SE APAGO ','LA UNIDAD LLEGO EN GRUA YA QUE EL OPERADOR NOTIFICA QUE SE APAGO',NULL,'2024-04-06','','1',7),(2,92,'CIUDADELA','DENIS INOJOSA','JOEL MAZANO','192717','p','FILTRO TAPADO ','REEMPLAZOS DE FILTROS DE COMBUSTIBLE Y  ACEITE GRADUACIóN DE CROCHE','SERVICIO DE MOTOR Y GRABACIóN DE CROCHE','INDECA EL OPERADOR TIENE PERDIDA DE POTENCIA','UNIDAD OPERATIVA ','2024-04-18','2024-04-18','0',8),(3,92,'CIUDADELA','DENIS INOJOSA','JOEL MAZANO','192717','c','SE DESPRENDIO LA PROPERA DEL  TURBOCOMPRESOR  Y 2 INYECTORES','BAJAR LA CAMARA Y VERIFICAR MOTOR COMPLETO','UNIDAD SE APAGO ','LA UNIDAD LLEGO EN GRUA YA QUE EL OPERADOR NOTIFICA QUE SE APAGO','OPERATIVA','2024-04-18','2024-04-18','0',7),(4,92,'CIUDADELA','DENIS INOJOSA','JOEL MAZANO','192717','c','SE DESPRENDIO LA PROPERA DEL  TURBOCOMPRESOR  Y 2 INYECTORES','BAJAR LA CAMARA Y VERIFICAR MOTOR COMPLETO','UNIDAD SE APAGO ','LA UNIDAD LLEGO EN GRUA YA QUE EL OPERADOR NOTIFICA QUE SE APAGO','UNIDAD OPERATIVA ','2024-04-18','2024-04-18','0',8),(5,109,'URACHICHE SAN FELIPE','EBERT MOGOLLON','WILKER PENA','741521','c',' EL TURBOCOMPRESOR EXPLOTO','REPARACION  DEL TURBO','BOTE DE HUMO Y PERDIDA DE POTENCIA','PERDIDA DE POTENCIA','OPERATIVA SE LE MONTó UN TURBO REPARADO, SE LE DIó MANTENIMIENTO AL RADIADOR Y EL INTERCULER.','2024-04-11','2024-04-22','0',7),(6,84,'SAN JAVIER SA N FELIPE','PEDRO CHAVEZ','WILLIAMS MEDINA','7459645','c','LA BOMBA DAÑADA','REPARACION DE BOMBA DE AGUA','CONSUMO Y BOTE  DE AGUA ','DESMONTAR BOMBA DE AGUA ','UNIDAD OPERATIVA CON BOMBA DE AGUA Y TUBERIA DE AGUA REPARADA','2024-04-08','2024-04-18','0',8),(7,107,'CAMPO ELIA CHIVACOA','ELIA PEREZ','JOEL MANZANO','741963','p','VERIFICAR FILTROS','MANTENIMIENTO DE TANQTUE DE COMBUSTIBLE','PERDIDA DE POTENCIA BOTE DE HUMO ','VERIFICACION DE LA PERDIDA DE POTENCIA ','SE LE DIó MANTENIMIENTO A LOS FILTROS DE COMBUSTIBLE ','2024-04-17','2024-04-18','0',7),(8,141,'SAN FELIPE LARA','JEAN PINTO','ROMAN PEREZ','94224','p','VERIFICAR TODO LOS FILTRO DE COMBUSTIBLE ','REEMPLAZO DOS FILTRO TRAMPA DE AGUA','PERDIDA DE PONTENCIA Y AJUSTE DE LA BASE DEL COMPRESOR DEL AIRE','PERDIDA DE PONTENCIA','SE LE MONTARON LOS FILTROS DE COMBUSTIBLE ','2024-04-18','2024-04-26','0',8),(9,77,'CORPOSALUD CHIVACOA','FERNANDO ROJAS','DEIVIS ROJAS','852365','p','BAJAR BARRA CORTA Y LARGA Y ENGRASE GENERAL','REPARACION DE LA BARRA CORTA  TERMINALES Y GEMELOS','SUENA MUCHO EL TREN DELANTERO','REVISAR TREN DELANTERO','YA SE LE MONTARON LOS TERMINALES DE LA BARRA LARGA Y LA CORTA Y LOS DOS GEMELOS.','2024-04-16','2024-04-18','0',7),(10,81,'INTERCOMUNAL  SAN FELIPE','ARTURO FALCON','JOSE OCHOA ','72312','p','TUBERIA DEL RIEL DANADA','REMPLAZO DE EL RIEL DE COMBUSTIBLE','BOTE DE COMBUSTIBLE','REVISAR TUBERIAS DE COMBUSTIBLE','OPERATIVA SE LE DIó MANTENIMIENTO AL CROCHET.','2024-04-18','2024-04-22','0',8),(11,54,'CAMPO NUEVO SAN FELIPE','LINO SUAREZ','ADHIESER CAMPO','874632','p','SENSORES SULFATADOS','MANTENIMIENTO DE LOS SENSORES DE LA CAJA','SE NEUTALIZO LA CAJA','REVISAR SENSORES DE LA CAJA','SE LE REALIZO MANTENIMIENTO DE SENSORES','2024-04-18','2024-04-20','0',7),(12,6,'CIUDADELA SAN FELIPE','DANIS NOGUERA','JOSE ROJAS','7896541','p','BUJIAS Y BOBINA DE IGNICION MALO','CAMBIAR BUJIAS Y BOBINAS ','PERDIDA DE POTENCIA','REVISAR MOTOR ','SALIó OPERATIVA ','2024-04-12','2024-05-02','0',8),(13,43,'BORAURE','WILSON VEGA','JOSE A. PAEZ','41490','c','SERVICIO GENERAL','SE LE CAMBIO EL ACEITE,F. DE ACEITE, F. DE COMBUSTIBLE, 01 TIRRA, Y SE LE DIO MANTENIMIENTO AL ACTUADOR.','SERVICIO','LA UNIDAD ENTRO POR SERVICIO D MOTOR','SE LE HIZO EL SERVICIO DE MOTOR, Y SE LE DIó MANTENIMIENTO AL ACTUADOR.','2024-04-22','2024-04-22','0',7),(14,143,'ESTUDIANTIL','JOSé RAMíREZ ','JOEL MANZANO','88.951','p','SE LE QUITó UN BOTE DE AGUA, Y SE LE MONTó 01 FILTRO TRAMPA AGUA, Y SE LE SOPLO EL FILTRO DE AIRE.','OPERATIVO.','REVISAR BOTE DE AGUA, Y LOS FILTROS DE COMBUSTIBLE, FILTRO DE AIRE.','REVISAR BOTE DE AGUA, Y LOS FILTROS DE COMBUSTIBLE, FILTRO DE AIRE.','UNIDAD OPERATIVA CAMBIO DE FILTROS Y TRAMPA DE AGUA, CORRECCION DE BOTE DE AGUA','2024-04-24','2024-04-24','0',6),(15,113,'CORPOSALUD MARIN','RIMEL CASTELLANO ','ADHIESER CAMPOS','184.419','p','SE LE QUITó UN BOTE DE GAS-OIL EN LA TUBERíA DEL INYECTOR # 3, SE ARREGLó UN ESPICHE A UN CAUCHO TRASERO # 4, Y SE LE MONTó UN FILTRO DE COMBUSTIBLE SECUNDARIO.','OPERATIVO..','BOTE DE GAS-OIL, UN ESPICHE, F. COMB.','SE LE QUITó UN BOTE DE GAS-OIL EN LA TUBERíA DEL INYECTOR # 3, SE ARREGLó UN ESPICHE A UN CAUCHO TRASERO # 4, Y SE LE MONTó UN FILTRO DE COMBUSTIBLE SECUNDARIO.','OPERATIVA SE LE MONTó EL CAUCHO, Y EL FILTRO, ','2024-04-24','2024-04-24','0',6),(16,53,'CAMPO NUEVO','LINO SUAREZ','BAQUERO WILIANS MEDI','370860','p','OPERATIVA.','BAJAR LA BARRA CORTA, ALINEAR.','TREN DELANTERO,ALINEAR.','SE LE MONTO LOS TERMINALES A LA BARRA CORTA, SE MANDO A ALINEAR.','OPERATIVA LAS DOS PUERTAS ARREGLADAS.','2024-04-24','2024-04-22','0',6),(17,100,'NIRGUA','ALEXANDER SEVILLA','ROMAN PEREZ','213054','p','LLEGO CON UN FILTRO ROTO, DE GAS-OIL SE LE CAMBIO, ','NINGUNA.','BOTE DE GAS-OIL,','LLEGO CON UN FILTRO ROTO, DE GAS-OIL SE LE CAMBIO, ','OPERATIVO SE LE CORRIGIó EL BOTE DE ACEITE, Y SE LE MONTó UN FILTRO DE COMBUSTIBLE.','2024-04-22','2024-04-22','0',6),(18,129,'GUARATARO','JOSE VARGAS','WILIANS MEDINA','0000','p','19-LTRS SAE-50/01 FILTRO DE ACEITE/01 FILTRO DE COMBUSTIBLE/01 FILTRO TRAMPA DE AGUA.','NINGUNA.','SERVICIO.','19-LTRS SAE-50/01 FILTRO DE ACEITE/01 FILTRO DE COMBUSTIBLE/01 FILTRO TRAMPA DE AGUA.','OPERATIVA SERVICIO HECHO, ','2024-04-22','2024-04-22','0',6),(19,28,'BORAURE','KENY VIDAL','ROMAN PEREZ','492701','p','19-LTRS SAE-50/01 FILTRO DE ACEITE/01 FILTRO DE COMBUSTIBLE P. 01FILTRO DE COMBUSTIBLE S./01 FILTRO TRAMPA DE AGUA/ Y SE LE MONTO LAS 02 CORREAS DEL ASPA.','NINGUNA.','SERVICIO, CORREAS.','19-LTRS SAE-50/01 FILTRO DE ACEITE/01 FILTRO DE COMBUSTIBLE P. 01FILTRO DE COMBUSTIBLE S./01 FILTRO TRAMPA DE AGUA/ Y SE LE MONTO LAS 02 CORREAS DEL ASPA.','SERVICIO HECHO, Y SE LE MONTARON 02 CORREAS.','2024-04-22','2024-04-22','0',6),(20,145,'AROA','DARWING PEREZ','LENIAT ROMERO','0000','p','SE LE MONTO 01 BOMBILLO DE UN CONTACTO 24V. Y SE LE COMPLETO FLUIDO 01 POTE DE LIGA.','NINGUNA.','BOMBILLOS, LIGA.','SE LE MONTO 01 BOMBILLO DE UN CONTACTO 24V. Y SE LE COMPLETO FLUIDO 01 POTE DE LIGA.','OPERATIVA COMPLETACION DE FLUIDO, 01 BOMBILLO.','2024-04-22','2024-04-22','0',6),(21,87,'METROPOLITANO CASCO','EDISON  TOVAR','WILLIAMS MEDINA','233665','p','LLEGO CON UN BOTE DE ACEITE POR LA ESTEPERA DEL TAPA VáLVULA, Y SE LE COMPLETO FLUIDO 01 LT. DE 15W40-U','NINGUNA.','BOTE DE ACEITE, COMPLETAR FLUIDO.','BOTE DE ACEITE, COMPLETAR FLUIDO.','OPERATIVA 01 LT ACEITE DE MOTOR ','2024-04-22','2024-04-22','0',6),(22,54,'CAMPO NUEVO','LINO SUáREZ ','WUILIANS MEDINA','370.858','p','MONTAR LOS TERMINALES A LA BARRA CORTA, ALINEAR.','NINGUNA.','TREN DELANTERO, ALINEACIóN.','TREN DELANTERO, ALINEACIóN.','OPERATIVA SE LE MONTARON LOS TERMINALES Y SE ALINEó.','2024-04-24','2024-04-24','0',6),(24,133,'CHIVACOA LA VIRGEN','LINO SUAREZ','ROGA CAMACARO','0000','p','SE LE MONTO LA TUBERIA DE UN INYECTOR (PARTIDA) 02 LTRS DE SAE-50, SE LE MONTARON 04 TIRRAJES. ','NINGUNA.','BOTE DE GAS-OIL, SE LECOMPLETO FLUIDO.','BOTE DE GAS-OIL, SE LECOMPLETO FLUIDO.','OPERATIVA','2024-04-24','2024-04-24','0',6),(25,81,'COCOROTE ','ARTURO FALCON','DEIBYS ROJAS Y LENIA','0000','c','BOTE DE GAS-OIL POR EL SENSOR DE RIEL.','NINGUNA ','BOTE DE GAS-OIL ','BOTE DE GAS-OIL POR EL SENSOR DE RIEL.','SE LE DIó MANTENIMIENTO AL SENSOR DE RIEL ','2024-04-25','2024-04-26','0',6),(26,83,'RAVELL','FREDDY BORGES','EDGARDO GUEVARA ','0000','c','SUBE LA TEMPERATURA ','BAJAR EL RADIADOR Y EL INTERCULER DARLE SU MANTENIMIENTO.','TEMPERATURA ','SUBE LA TEMPERATURA.','SALIó OPERATIVA','2024-04-25','2024-05-01','0',6),(27,78,'AGUAS NEGRAS ','HéCTOR CHáVEZ ','JOEL MANZANO ','0000','c','CAMBIAR LOS FILTROS DE COMBUSTIBLE PRIMARIO Y SECUNDARIO.','LOS FILTROS SECUNDARIOS DE COMBUSTIBLE NO AGUANTAN LA PRESIóN Y SE REVIENTA LA GOMA.','FILTROS DE COMBUSTIBLE ',' CAMBIAR LOS FILTROS DE COMBUSTIBLE PRIMARIO Y SECUNDARIO.','SE LE DIó MANTENIMIENTO A LOS FILTROS DE COMBUSTIBLE Y A LA TUBERíA.','2024-04-25','2024-04-26','0',6),(28,121,'CHIVACOA ','FRANKLIN GALEANO ','JOSé A. PáEZ ','0000','c','REEMPLAZó DE BALLESTA DELANTERA PARTIDA ','CAMBIAR LA BALLESTA.','BALLESTA DELANTERA PARTIDA.','REEMPLAZó DE BALLESTA DELANTERA PARTIDA ','OPERATIVO ','2024-04-16','2024-05-13','0',6),(29,106,'CHIVACOA - CAMPO ELIAS','ANGEL ORTIZ ','LENIAT ROMERO ','0000','c','PERDIDA DE POTENCIA, Y CAMBIO DE BOMBILLO EN LA PARTE TRASERA.','NINGUNA ','PERDIDA DE POTENCIA ','PERDIDA DE POTENCIA, Y CAMBIO DE BOMBILLO EN LA PARTE TRASERA.','SE LE MONTó UN TAPóN DE RIEL, SE LE MONTARON 02 BOMBILLOS 2C, 24V, SE LE REPARO EL ARRANQUE, ESPERANDO AL CAUCHERA PARA REVISAR UN CAUCHO DELANTERO DEL LADO DERECHO TIENE UN TORNILLO.','2024-04-25','2024-04-26','0',6),(30,82,'HIGUERóN ','JOSé GOITIA','DEIBYS ROJAS ','0000','c','PERDIDA DE POTENCIA ','NINGUNA ','PERDIDA DE POTENCIA ','PERDIDA DE POTENCIA ','OPERATIVO ','2024-04-01','2024-08-05','0',6),(31,99,'NIRGUA HATO VIEJO','LUIS HERNáNDEZ ','WUILIANS MEDINA','234.304','c','BAJAR RADIADOR Y EL INTERCULER ','BAJAR RADIADOR Y EL INTERCULER ','SUBE TEMPERATURA ','SUBE TEMPERATURA ','SE LE DIó MANTENIMIENTO AL RADIADOR Y EL INTERCULER, 04 LTRS DE REFRIGERANTE.','2024-04-26','2024-04-26','0',6),(33,56,'SAN JOSé CASCO','WISTON GóMEZ ','ALEJANDRO FONSECA ','458.478','p','MANGUERA ROTA','SE LE MONTó UNA MANGUERA PARA CORREGIR EL BOTE.','BOTE DE AGUA.','BOTE DE AGUA ','UNIDAD OPERATIVA ','2024-04-26','2024-04-26','0',6),(35,87,'METROPOLITANO CASCO ','EDISON TOVAR','CRISTIAN CAMACHO ','234.533','p','BOTE DE ACEITE POR EL TAPA VáLVULA.','BOTE DE ACEITE POR EL TAPA VáLVULA.','BOTE DE ACEITE ','BOTE DE ACEITE ','SE LE MONTARON LAS 04 GOMAS DEL TAPA VáLVULA, SE ENGRASó, ','2024-04-26','2024-04-26','0',6),(36,27,'CAñIZOS','JHANDER RIVAS','DEIBYS ROJAS Y LENIA','337.548','p','SERVICIO 01 FILTRO DE ACEITE, 01 FILTRO DE COMBUSTIBLE P. 01 FILTRO DE COMBUSTIBLE S. 01 FILTRO TRAMPA AGUA, LOS 19 LTRS DE ACEITE LOS PUSO LA EMPRESA SKY.','SERVICIO COMPLETO.','SERVICIO DE MOTOR','SERVICIO DE MOTOR.','SERVICIO COMPLETO DE MOTOR.','2024-04-26','2024-04-26','0',6),(37,112,'LARA','JOSé COLINA ','JOSé A PáEZ ','258.704','p','SE LE REVISARON LOS FLUIDOS, SE LE MONTó ILTRO TRAMPA AGUA Y EL FILTRO DE COMBUSTIBLE S, Y UN CABLE DEL ACTUADOR., UN FILTRO DE AIRE.','SE LE REVISARON LOS FLUIDOS, SE LE MONTó ILTRO TRAMPA AGUA Y EL FILTRO DE COMBUSTIBLE S, Y UN CABLE DEL ACTUADOR., UN FILTRO DE AIRE.','PERDIDA DE POTENCIA, FLUIDO, TEMPERATURA ','PERDIDA DE POTENCIA, FLUIDO, TEMPERATURA ','SE LE MONTO UN FILTRO DE COMBUSTIBLE SECUNDARIO, UN FILTRO TRAMPA AGUA, Y SE LE DIó MANTENIMIENTO AL RADIADOR Y EL INTERCULER, SE LE MONTó UN CABLE DEL ACTUADOR.','2024-04-26','2024-04-26','0',6),(39,85,'LA PAZ','BAUDILIO OCHOA','ROMAN PEREZ','185.306','p','12 LTRS 15W40-U, 01 FILTRO DE COMBUSTIBLE, 01 FILTRO TRAMPA AGUA, ','SERVICIO DE MOTOR.','SERVICIO ','SERVICIO ','SE LE HIZO SERVICIO DE MOTOR.','2024-04-26','2024-04-26','0',6),(40,93,'NIRGUA SALON','ALISANDER ALVARADO ','WILKER PEñA ','270.033','p','SERVICIO DE MOTOR, CUESTA PARA PRENDER ','REVISAR FALLA ','SERVICIO DE MOTOR ','SERVICIO DE MOTOR ','OPERATIVO ','2024-04-26','2024-05-13','0',6),(41,101,'CHIVACOA CASCO','ANGEL ORTIZ ','ALEJANDRO FONSECA ','180.729','p','SE LE MONTARON 04 CAUCHOS TRASEROS USADOS ','LOS CAUCHOS SON USADOS','SE LE MONTARON 04 CAUCHOS TRASEROS USADOS ','SE LE MONTARON 04 CAUCHOS TRASEROS USADOS ','SE LE MONTARON 04 CAUCHOS TRASEROS USADOS ','2024-04-26','2024-04-26','0',6),(42,141,'LARA','JEAN PINTO','WUILIANS MEDINA','0000','p','FALLA DEL ALTERNADOR ','ARREGLAR EL ALTERNADOR.','ALTERNADOR ','ALTERNADOR ','OPERATIVO ','2024-04-27','2024-05-02','0',6),(43,99,'NIRGUA HATO VIEJO ','LUIS HERNáNDEZ ','DEIBYS ROJAS Y LENIA','0000','p','SUBE LA TEMPERATURA ','MANTENIMIENTO AL RADIADOR Y EL INTERCULER.','TEMPERATURA ','SUBE LA TEMPERATURA.','OPERATIVO ','2024-04-25','2024-05-13','0',6),(44,28,'BORAURE ','KENY VIDAL','JOEL MANZANO ','0000','p','LLEGó CON UN BOTE DE ACEITE','BAJAR LA CáMARA Y CORREGIR EL BOTE','BOTE DE ACEITE ','LLEGó CON UN BOTE DE ACEITE','QUEDA OPERATIVO','2024-04-25','2024-04-29','0',6),(45,81,'COCOROTE','ARTURO FALCON','CELSO LUCAMBIO ','00000','p','PERDIDA DE POTENCIA','REEMPLAZO DE RIEL','BOTE DE COMBUSTIBLE POR EL RIEL','REEMPLAZO DE RIEL ','OPERATIVO ','2024-04-29','2024-04-29','0',9),(46,112,'LARA','JOSE COLINA','WILKER PEñA ','259332','p','PERDIDA DE POTENCIA Y SUBIDA DE TEMPERATURA ','REEMPLAZO Dé ACTUADOR Y POLEA LOCA','SUBE LA TEMPERATURA ','MANTENIMIENTO AL RADIADOR E INTERCOL','SALIó LA UNIDAD OPERATIVO ','2024-04-29','2024-04-29','0',9),(47,108,'NIRGUA SF','CARLOS ROJAS ','CELSO LUCAMBIO ','208808','p','PERDIDA DE POTENCIA','REEMPLAZO DE TODOS LOS FILTROS ','SERVICIO PASADO','REEMPLAZO DE TODOS LOS FILTROS ','QUEDA OPERATIVO ','2024-04-29','2024-04-29','0',9),(48,107,'SF BORAURE','KENY VIDAL','ROGACIANO CAMACARO ','493050','p','CAMBIAR EMPACADURA DE LA CáMARA Y REEMPLAZO DE LAS GOMAS DE LA TAPA VáLVULA  ','REEMPLAZO ','SUBIDA DE TEMPERATURA ','REEMPLAZO DE EMPACADURA DE LA CAMARA ','OPERATIVO ','2024-04-29','2024-05-02','0',9),(49,146,'AROS DUACA ','DANIEL PáRRAGA ','ROMáN PEREZ','NO TIENE ','p','GRADUACIóN DE FRENOS COMPLETAVION DE ACEITE 02 LITROS DE SAE-50','GRADUACIóN ','PROBLEMAS DE FRENOS ','REVISAR ','QUEDA OPERATIVO ','2024-04-29','2024-04-29','0',9),(50,103,'CASCO CENTRO ','EIBERT MORALES ','LENIAT ROMERO ','163680','p','BOMBILLO DE LUZ TRASERA QUEMADO ','REEMPLAZARLO ','FALTA DE UN LUZ TRASERA','TRAERLO AL SERVICIó ','SALIó OPERATIVO','2024-04-30','2024-05-01','0',9),(51,111,'CORPOSALUD YARITAGUA ','PASCUAL DUQUE ','WILKER PEñA ','251776','p','REEMPLAZO DE CABLE DEL ACTUADOR','SE LE HIZO MANTENIMIENTO A LA VáLVULA DE PRESIóN DE ACEITE Y MANTENIMIENTO A LA VáLVULA DE TEMPERATURA','PERDIDA DE POTENCIA ','INGRESARLO AL TALLER','QUEDA OPERATIVO ','2024-04-29','2024-04-30','0',9),(52,43,'CORPOSALUD BORAURE ','WILSON VEGA ','CELSO LUCAMBIO ','043117','p','REPARARLO','REVISAR BARRA LARGA BARRA CORTA GEMELOS TERMINALES','SUENA MUCHO EL TREN DELANTERO ','REVISAR ','QUEDA OPERATIVO SE LE REPARO TODO EL TREN DELANTERO ','2024-04-30','2024-05-16','0',9),(53,28,'SF BORAURE','KENY VIDAL','ROMáN PéREZ ','493115','p','BOTE DE AGUA POR TUBERíA Q VA A LA BOMBA ','REEMPLAZARLA ','BOTE DE AGUA','VERIFICAR POR DONDE ES EL BOTE','SALIó OPERATIVO','2024-04-30','2024-05-14','0',9),(54,87,'CASCO CENTRO ','EDIXON TOVAR','JOEL MANZANO ','235238','p','GRADUACIóN DE CROCHE Y VERIFICACIóN DEL SALVOCROCHE','REVISAR','NO AGARRA 2DA','VERIFICAR','SALIó OPERSTIVO','2024-04-30','2024-04-30','0',9),(55,100,'SF NIRGUA','ALEXANDER SEVILLA','ROMáN PéREZ ','125449','p','REEMPLAZO DE SENSOR DE RIEL Y TAPóN DE RIEL. MANTENIMIENTO AL RADIADOR E INTERCOOL ','REEMPLAZAR ','BOTA MUCHO HUMO Y PERDIDA DE POTENCIA','VERIFICAR Y REVISAR ','OPERATIVO','2024-05-01','2024-05-13','0',9),(56,146,'AROA DUACA ','DANIEL PáRRAGA ','ROMáN PEREZ','NO TIENE ','p','BAJAR LA TAPA VáLVULA ECHARLE SILICóN Y AJUSTAR BIEM LOS TORNILLOS ','CORREGIR ','BOTE DE ACEITE POR LA TAPA VáLVULA ','CORRECCIóN ','QUEDA OPERATIVA','2024-05-01','2024-05-01','0',9),(57,87,'CASCO CENTRO ','EDICSON TOVAR','ROMáN PEREZ ','235365','p','REEMPLAZAR TODOS LOS FILTROS','HACER SERVICIO COMPLETO','PASADO DE KM ','HACER MANTENIMIENTO DE FILTROS DE COMBUSTIBLE Y ACEITE','QUEDO OPERATIVO','2024-05-01','2024-05-01','0',9),(58,78,'SF AGUA NEGRA ','HECTOR CHAVEZ','LENIAT ROMERO ','502544','p','CORREGIR ','REVISAR LOS CHUPONES DEL RELOJ ','NO LE SUBE LA AGUJA DEL RELOJ DE PRESIóN DE ACEITE','VERIFICAR ','SALIó OPERATIVA','2024-05-02','2024-05-13','0',9),(59,146,'AROA- DUACA','DANIEL PáRRAGA ','LENIAT ROMERO ','NOTIENE','p','REVISIóN DEL ALTERNADOR REEMPLAZO DE BORNES DE LA BATERíA  Y REEMPLAZO DE BATERíA ','VERIFICAR ','NO PRENDE HUBO Q AUXILIARLO','REVISAR EL ALTERNADOR ','OOERATIVO','2024-05-02','2024-05-13','0',9),(60,145,'SF AROA','DARWIN PEREZ','ROMáN PEREZ ','NO TIENE ','p','REVISAR ','REVISAR','LE SALE SERVICIO ','REVISIóN DE FRENOS TRASEROS REEMPLAZO DE LA ESTOPERA DEL YOKY REVISIóN DE LUCES','SALIDA','2024-05-02','2024-05-02','0',9),(61,111,'EMPLEADOS PUBLICOS DE YARITAGUA ','PASCUAL DUQUE ','JESUS M ','252298','p','COMPLETACION DE 2 LITROS DE ACEITE DE PRUEBA ','COMPLETACION','FALTA DE FUIDO','VERIFICAR','QUEDA OPERATIVO ','2024-05-02','2024-05-02','0',9),(62,77,'CHIVACOA LOS PUEBLOS/ COORPOSALUD CHIVACOA ','FERNANDO ROJAS','EDGARDO GUEVARA ','455020','p','MEDIR ACEITE PARA COMPLETAR Y SOLICITAR CORREAS','COMPLETAR 2LTS DE ACEITE ESE 50 Y MONTAR LAS CORREAS DEL AIRE ACONDICIONADO ','COMPLETAR ACEITE MOTOR Y MONTAR CORREAS DEL AIRE','REVISAR ACEITE Y VERIFICAR LAS CORREAS','SALIó OPERATIVA ','2024-05-02','2024-05-02','0',8),(63,145,'AROA SAN FELIPE ','DARWIN PEREZ','ROMáN PéREZ ','N/F','p','HACER REVISION GENERAL','REEMPLAZAR ESTOPERA SE YOKI, REEMPLAZO DE LAS GOMAS DE CILINDRO DE FRENOS Y HACER SERVICIO DE ACEITE Y FILTROS','SERVICIO DE ACEITE Y FILTROS REVISIóN DE FRENOS RE VISIóN DE LUCES ','HACER EL SERVICIO  VERIFICAR TODO','SALIó OPERATIVA','2024-05-02','2024-05-02','0',8),(64,108,'NIRGUA SALON','CARLOS ROJAS','ALEJANDRO FONSECA','209178','p','REPARLO','PEGAR PARCHO','TIENE ESPICHE CAUCHO TRASERO DERECHO ','BAJAR CAUCHO Y VERIFICAR','SALIó OPERATIVO','2024-05-02','2024-05-02','0',8),(65,54,'CAMPO NUEVO SAN FELIPE','LINO SUAREZ','WILLIAMS MEDINA ','3772254','p','BAJARLO Y CAMBIAR ','REEMPLAZO DE LOS DOS CEPILLOS LIMPIA PARABRISAS ','LIMPIA PARABRISAS NO SIRVEN ','VERIFICAR','SALIó OPERATIVA ','2024-05-02','2024-05-02','0',8),(66,112,'SF LARA','JOSE COLINA','CELSO LUCAMBIO ','260717','p','CORRECCION DE BOTE DE ACEITE ','REPARAR','BOTE DE ACEITE POR EL FILTRO','VERIFICAR','SE LE CORRIGIó BOTE DE ACEITE MOTOR POR EL FILTRO Y SE COMPLETó CON 01 LITRO DE ACEITE MOTOR 15W-40 ','2024-05-03','2024-05-03','0',9),(67,56,'RUTA CASCO SAN JOSE','WISTON GOMEZ','WILKER PEñA ','459656','p','PERDIDA DE POTENCIA','CHEQUEAR','HACERLE SERVICIO COMPLETO ','REEMPLAZAR FILTROS DE COMBUSTIBLE Y DE ACEITE','SE LE COLOCó 19 LITROS DE ACEITE MOTOR SAE-50.  01) FILTRO DE ACEITE. 01) FILTRO DE COMBUSTIBLE PRIMARIO 01) FILTRO TRAMPA DE AGUA ','2024-05-03','2024-05-03','0',9),(68,6,'SF CIUDADELA','DANNY NOGUERA','DEIBIS ROJAS','356902','p','REVISAR ','VERIFICAR BOBINAS Y BUJIAS','FALLA DE BUJIAS','VERIFICAR BOBINAS Y BUJIAS','SALIó OPERATIVO ','2024-05-03','2024-05-02','0',9),(69,77,'CHIVACOA LOS PUEBLOS/ COORPOSALUD CHIVACOA ','FERNANDO ROJAS','ADHIESER CAMPO ','455167','p','REVISAR','REPARAR','REVISAR AIRE ACONDICIONADO','VERIFICAR','SALIó OPERATIVO ','2024-05-04','2024-05-04','0',8),(70,84,'SF HIGUERON','PEDRO CHAVEZ','ROMáN PEREZ ','229664','p','CRUCETAS Y CARDAN ','REVISAR CRUCETAS CARGAN ','TIEMBLA MUCHO','VERIFICAR','SALIó OPETATIVO','2024-05-13','2024-05-13','0',9),(71,108,'NIRGUA HATO VIEJO','CARLOS ROJAS','ISAíAS ','210897','p','REEMPLAZAR LAS CORREAS ','VERIFICAR LA POLEA','CORREAS DE VENTILADOR REEMPLAZAR ','REEMPLAZAR ','SALIó OPERATIVO','2024-05-13','2024-05-09','0',9),(72,92,'SF CIUDADELA','DENIS INOJOSA ','CELSO LUCAMBIO ','195898','p','VERIFICAR ','MANTENIMIENTO ','NO SALE COMBUSTIBLE POR EL TRAMPA DE AGUA ','MANTENIMIENTO A LOS FILTROS DE COMBUSTIBLE ','SE LE REEMPLAZO LOS FILTROS DE COMBUSTIBLE .SE LE REEMPLAZO UN BOMBILLO H1 24W Y UN BOMBILLO H4 24W QUEDA OPERATIVOO','2024-05-13','2024-05-13','0',9),(73,27,'SF LOS CAñIZOS','JANDEL RIVAS','ROMáN PEREZ','341344','p','GRADUACIóN DE FRENOS ','VERIFICAR ','TIENE LOS FRENOS LARGOS ','GRADUAR FRENOS ','SE LE GRADUó FRENOS QUEDA OPERATIVO ','2024-05-13','2024-05-13','0',9),(74,83,'SF-RAVEL','FREDY BORGES','JOEL MANZANO ','185104','p','PERDIDA DE POTENCIA','VERIFICAR','PERDIDA DE POTENCIA ','VERIFICAR ','OPERATIVO ','2024-05-13','2024-05-13','0',9),(75,134,'SF CAñAVERAL','JOSE VARGAD','DEIBIS ROJAS ','NO TIENE ','p','COMPLETAR ','COMOLETAR','COMPLETACION DE ACEITE ','VERIFICAR CANTIDAD','COMPLETACION DE DOS LITROS DE ACEITE MOTOR SAE-50 ','2024-05-13','2024-05-13','0',9),(76,87,'CASCO CENTRO ','EDIXON TOVAR','ROMáN PEREZ','237494','p','FRENOS LARGOS ','GRADUAR ','FRENOS LARGO','GRADUAR FRENOS ','SALIó OPERATIVO','2024-05-13','2024-05-13','0',9),(81,133,'CHIVACOA LA VIRGEN','OSCAR GARRIDO','JOSE PAEZ','NO TIENE ','p','VERIFICAR ','VERIFICAR LUGAR DE LA FUGA','FUGA DE AIRE ','FUGA DE AIRE POR UN PULMóN IZQUIERDO ','SALIó OPERATIVO','2024-05-13','2024-05-14','0',9),(82,101,'CHIVACOA CASCO','ÁNGEL ORTIZ','JOSé A. PAEZ','209178','p','REVISAR','HACER MANTENIMIENTO DEL FILTRO DE COMBUSTIBLE Y REVISAR EL TREN DELANTERO ','PéRDIDA DE POTENCIA REVISAS BOTE DE AIRE SE DESCARGAN LAS BOMBONA','REVISAR PARA VERIFICAR','SALIó OPERATIVO','2024-05-13','2024-05-14','0',8),(83,83,'SF RAVEL','FREDY BORGES','JOSE PAEZ','185339','p','REEMPLAZO Dé ACTUADOR ','CáMBIARLO ','PERDIDA DE POTENCIA','VERIFICAR EL ACTUADOR ','QUEDA OPERATIVO SE LE CAMBIARON LOS FILTROS DE COMBUSTIBLE ','2024-05-14','2024-05-15','0',9),(84,71,'SAN FELIPE LA PRADERA','RICHARD GIMéNEZ ','ADHIESER CAMPO ','455020','p','PASO AGUA PARA EL MOTOR','HACER MOTOR','REVISAR MOTOR TIENE SONIDO EXTRAñó ','VERIFICAR','SE LE HIZO EL MOTOR.','2024-03-06','2024-06-08','0',8),(85,90,'MOVILIZACIóNES','ERICK MENDOZA','LUIS MALDONADO ','142176','p','FUGA DE AIRE POR UNA MANGUERA ','CORREGIR ','FUGA DE AIRE','VERIFICAR','QUEDA OPERATIVO SE LE REPARO UNA FUGA DE AIRE ','2024-05-14','2024-05-14','0',9),(86,27,'SF LOS CAñIZOS','JANDEL RIVAS ','DEIVIS ROJAS ','341837','p','COMPLETAR ACEITE Y GRADUACIóN DE FRENOS ','CORREGIR','FALTA DE FLUIDO ','COMPLETAR ','QUEDA OPERATIVO ....GRADUACIóN DE FRENOS .... COMOLETACION DE FLUIDO 04 LITROS DE ACEITE MOTOR 15W-40 ','2024-05-14','2024-05-14','0',9),(87,99,'NIRGUA HATO VIEJO','LUIS HERNSNDEZ','WILIAM MEDINA ','246359','p','VERIFICAR KM','REEMPLAZO DE TODOS LOS FILTROS ','PERDIDA DE POTENCIA ','HACERLE SERVICIO ','QUEDA OPERATIVOO ','2024-05-14','2024-05-14','0',9),(88,146,'AROA DUACA ','DANIEL PARRAGA','ROMáN PEREZ','NO TIENE ','p','VERIFICAR ','REPARAR','FRENOS LARGOS Y SUBE LA TEMPERATURA ','REEMPLAZAR GOMAS DE FRENOS Y REPARACIóN DE RADIADOR ','QUEDA OPERATIVO SE LE SACARON LOS TORNILLOS DE LA PUNTA DE EJE Q ESTABAN PARTIDO ..REPARACIóN DE RADIADOR ..SE LE HIZO FRENO EN LA PARTE TRASERA ','2024-05-15','2024-05-18','0',9),(89,143,'SF COCOROTE ','YSMAEL COLMENAREZ','CELSO LUCAMBIO ','93037','p','FILTROS TAPADOS','LIMPIAR LOS FILTROS ','SE APAGA LA UNIDAD','HACERLE MANTENIMIENTO A LOS FILTROS DE COMBUSTIBLE ','QUEDA OPERATIVO SE LE HIZO MANTENIMIENTOS A LOS FILTROS DE COMBUSTIBLE ','2024-05-15','2024-05-15','0',9),(90,78,'SF AGUA NEGRA ','HECTOR CHAVEZ','JOSE PAEZ','503216','p','BOTE DE VALVULINA POR UNA RUEDA TRASERA DEL LADO DERECHO ','BAJAR LA RUEDA Y REVISAR ','BOTE DE VALVULINA Y ECHA HUMO ','VERIFICAR ','QUEDA OPERATIVO SE LE REEMPLAZO LA ESTOPERA DEL EJE TRASERO Y SE LE REMPLAZO UNA MANGUERA DE AIRE  ','2024-05-15','2024-05-16','0',9),(91,134,'SF CAñAVERAL','SANTOS VAZQUEZ','CELSO LUCAMBIO ','NO TIENE ','p','BAJAR EL RADIADOR PARA REPARARLO ','REPARAR RADIADOR ','BOTE DE AGUA ','VERIFICAR EL RADIADOR','SE LE MONTó EL RADIADOR BAQUETEADO.','2024-05-15','2024-05-23','0',9),(92,111,'CORPOSALUD YARITAGUA ','PASCUAL DUQUE','RICARDO ESPINOZA ','255323','p','YA LE SALE SERVICIO','VERIFICAR ','FALTA DE FLUIDO','COMPLETAR ','OPERATIVO SE LE COMPLETó 02 LITROS DE ACEITE MOTOR 15W-40 ','2024-05-15','2024-05-15','0',9),(93,28,'SAN FELIPE BORAURE','JOSé GOITIA','JOEL MANZANO','209178','p','VERIFICAR ','BAJAR RADIADOR E INTERCOOLER Y REVISAR LOS FRENOS ','SUBE LA TEMPERATURA REVISAR FRENOS Y SENSOR DE PRESIóN DE ACEITE','REVISAR ','QUEDA OPERATIVO SE LE HIZO MANTENIMIENTO AL RADIADOR E INTERCOOL SE LE COMPLETó 02 LITROS DE REFRIGERANTE SE LE SOLDó LA TAPA DE ENFRIAMIENTO ','2024-05-10','2024-05-16','0',8),(94,77,'CHIVACOA LOS PUEBLOS/ COORPOSALUD CHIVACOA ','FERNANDO ROJAS','ADHIESER CAMPO ','3772254','p','CORRRAS DAñADAS','REEMPLAZAR LAS CORREAS','SE PARTIERON LAS CORREAS ','VERIFICAR CUALES SON LAS CORRRAS ','SALIó OPERATIVA ','2024-05-15','2024-05-15','0',8),(95,101,'CHIVACOA CASCO','ÁNGEL ORTIZ','WILLIAMS MEDINA ','209178','p','BARRA LARGA MALA Y BARRA CORTA MALA','REPARAR LAS BARRA CORTA Y LA BARRA LARGA ','REVISAR TREN DELANTERO SUENA MUCHO','BAJAR LAS BARRAS Y REVISAR ','SALIó OPERATIVA ','2024-05-14','2024-05-15','0',8),(96,98,'NIRGUA SALON','ELEODORO QUIñONEZ','JOSé OCHOA','254254','p','SENSOR DE RIEL MALO','CAMBIAR SENSOR DE RIE','PéRDIDA DE POTENCIA REEMPLAZO DE CAUCHO TRASERO IZQUIERDO','SCANEAR ','QUEDA OPERATIVO SE LE REEMPLAZO EL RIEL ','2024-05-15','2024-05-16','0',8),(97,27,'SAN FELIPE LOS CAñIZOS','YANDEL ŕIVAS ','ROMáN PéREZ ','455020','p','HACER FRENOS','REEMPLAZAR LAS BANDAS','REVISAR BANDAS ','BAJAR PARA REVISAR LAS BANDAS','QUEDA OPERATIVO ','2024-05-15','2024-05-16','0',8),(98,107,'CAMPO ELIA CHIVACOA','ELíAS PEREZ','JOEL MANZANO','3772254','p','SENSOR DE RIEL MALO Y ACTUADOR','REEMPLAZO DE SENSOR DE RIEL Y EL ACTUADOR','PèDIDA DE POTENCIA Y REVISAR CONECTOR DE ACTUADOR Y SENSOR DE RIEL','REVISAR Y SCANEAR','QUEDA OPERATIVO SE LE COLOCó EL SENSOR DE RIEL Y EL CONECTOR ','2024-05-15','2024-05-18','0',8),(99,83,'DESEO CENTRO','FREDDY BORGES ','JOSé OCHOA','254254','p','SENSOR DE RIEL MALO','REEMPLAZO DE SENSOR DE RIEL','PéRDIDA DE POTENCIA Y SE AGUANTA ','REVISAR ','QUEDA OPERATIVO SE LE REEMPLAZO EL SENSOR Y TAPóN DE RIEL ','2024-05-15','2024-05-18','0',8),(100,81,'SF COCOROTE ','ARTURO FALCON','JOEL MANZANO','223561','p','REEMPLAZAR LáPIZ DE GRADUACIóN DE CROCHE ','REEMPLAZAR','SE QUEDA SIN CROCHE','VERIFICAR EL LáPIZ DE GRADUACIóN DE CROCHE ','QUEDA OPERATIVO SE REEMPLAZO EL LáPIZ DE GRADUACIóN DE CROCHE','2024-05-16','2024-05-16','0',9),(101,105,'SF CEDEñO','FRANCISCO PINTO','FRANYER MENDOZA ','199330','p','REEMPLAZAR LOS FILTROS ','SERVICIO','YA LE SALE SERVICIO ','HACERLE SERVICIO ','SE HIZO SERVICIO DE ACEITE Y FILTRO     ..12 LITROS DE ACEITE MOTOR 15W-40. Y 01 FILTRO DE ACEITE ','2024-05-17','2024-05-17','0',9),(102,87,'CASCO CENTRO ','EDIXON TOVAR','JOEL MANZANO','238349','p','SE DESGRADUA MUCHO EL CROCHE','VERIFICAR','NO AGARRA CROCHE','GRADUARLE CROCHE','SE LE GRADUó FRENOS ','2024-05-17','2024-05-17','0',9),(103,112,'SF LARA','JOSE COLINA ','AHSIER CAMPOS ','264134','p','REEMPLAZO DE LA VáLVULA DE ALIVIO','ESTAR PENDIENTE Y VERIFICAR ','PERDIDA DE POTENCIA','VERIFICAR ','QUEDA OPERATIVO SE LE REEMPLAZO LA VáLVULA DE ALIVIO','2024-05-17','2024-05-17','0',9),(104,77,'CORPOSALUD CHIVACOA ','FERNANDO ROJAS ','ISAíAS GAMEZ ','459180','p','PIERDE POTENCIA ','CORREGIR','SE APAGA LA UNIDAD ','REEMPLAZAR EL FILTRO TRAMPA DE AGUA ','QUEDA OPERATIVO SE LE REEMPLAZO EL FILTRO TRAMPA DE AGUA','2024-05-17','2024-05-17','0',9),(105,78,'SF AGUA NEGRA ','HECTOR CHAVEZ','WILKER PEñA ','503245','p','REEMPLAZAR CABLE DEL ACTUADOR ','REEMPLAZAR CABLE DE ACTUADOR ','PERDIDA DE POTENCIA','VERIFICAR','QUEDA OPERATIVO SE LE REEMPLAZO EL CABLE DEL ACTUADOR ','2024-05-17','2024-05-18','0',9),(106,111,'CORPOSALUD YARITAGUA ','PASCUAL DUQUE ','WILKER PEñA ','255908','p','REEMPLAZAR CABLE DEL ACTUADOR ','REEMPLAZAR CABLE DE ACTUADOR ','PERDIDA DE POTENCIA','VERIFICAR','QUEDA OPERATIVO SE LE REEMPLAZO EL CABLE DEL ACTUADOR ','2024-05-17','2024-05-18','0',9),(107,28,'SF BORAURE','KENY VIDAL','CRISTIAN MENDOZA ','342258','p','VERIFICAR LOS TORNILLOS DE LA BASE DE LA CAJA ','VERIFICAR ','SONIDO EN LA CAJA ','VERIFICAR ','QUEDA OPERATIVO RE LE AJUSTARON LOS TORNILLOS DE LA BASE DE LA CAJA','2024-05-17','2024-05-18','0',9),(108,105,'CEDEñO ','FRANCISCO PINTO ','RICHAR SILVA ','199545','p','POSIBLE RODAMIENTO DEL TENSOR','VERIFICAR','SONIDO EN EL MOTOR ','VERIFICAR ','QUEDA OPERATIVO ','2024-05-18','2024-05-28','0',9),(109,72,'SF AGUA NEGRA ','WENSIS ZAPATIER','RICHAR SILVA ','232039','p','BOTE DE ACEITE POR ESTOPERA DE LA CAJA ','VERIFICAR','BOTE DE ACEITE ','VERIFICAR FALLA ','SE LE MONTó LA ESTOPERA TRASERA DE LA CAJA.','2024-05-18','2024-05-22','0',9),(110,27,'SF LOS CAñIZOS ','YANDEL RIVAS','RICHAR SILVA ','343636','p','HACERLE MANTENIMIENTO AL RADIADOR E INTERCOOL ','HACERLE SERVICIO ','SUBE LA TEMPERATURA ','VERIFICAR ','QUEDA OPERATIVO ','2024-05-18','2024-05-28','0',9),(111,113,'CORPOSALUD MARIN','RIMEL CASTELLANO ','JOEL MANZANO','189.399','p','GRADUAR EL CROCHET ','GRADUARON Y REVISAR EL CROCHET.','CROCHET ','REVISAR EL CROCHET ','SE LE DIó MANTENIMIENTO AL CROCHET, SE GRADUó.','2024-05-21','2024-05-22','0',6),(112,54,'CAMPO NUEVO ','LINO SUáREZ ','JOEL MANZANO','0000','p','REVISAR LOS INYECTORES ','REVISAR LOS INYECTORES ','PERDIDA DE POTENCIA ','PERDIDA DE POTENCIA ','QUEDA OPERATIVO ','2024-05-23','2024-05-28','0',6),(113,81,'COCOROTE ','ARTURO FALCON ','JOEL MANZANO','0000','p','GRADUAR EL CROCHET ','REVISAR EL CROCHET ','CROCHET ','CROCHET ','ESTá OPERSTIVO','2024-05-23','2024-05-28','0',6),(114,113,'EMPLEADO PúBLICO DE CHIVACOA','RIMEL CASTELLANO ','JOEL MANZANO ','0000','p','MANTENIMIENTO DE CROCHET ','MANTENIMIENTO DE CROCHET ','CROCHET ','CROCHET ','QUEDA OPERATIVO','2024-05-20','2024-08-05','0',6),(115,112,'SF LARA','JOSE COLINA','JOSE OCHOA ','267727','p','HACERLE SERVICIO MANTENIMIENTO AL RADIADOR E INTERCOOL ','HACERLE MANTENIMIENTO ','PERDIDA DE POTENCIA','VERIFICAR EL SERVICIO ','SE LE HIZO MANTENIMIENTO AL RADIADOR E INTERCOOL ','2024-05-27','2024-05-28','0',9),(116,53,'CAMBURAL -LARA','DAMASO BLANCO ','JESUS ROJAS','131261','p','HACERLE SERVICIO ','MANTENIMIENTO ','PERDIDA DE POTENCIA','VERIFICAR','QUEDA OPERATIVO SE LE COLOCó 19 LITROS DE ACEITE MOTOR SAE-50.      01  FILTRO DE ACEITE. 01 FILTRO TRAMPA DE AGUA.  01 FILTRO DE TURBINA. NO Sé LE  COLOCARON LOS FILTROS DE COMBUSTIBLE PRIMARIO Y SECUNDARIO ','2024-05-27','2024-05-28','0',9),(117,134,'SF CAñAVERAL','JOSE VARGAS','FRANYER MENDOZA ','NO TIENE ','p','BOTE DE ACEITE ','VERIGICAR','FALTA DE FUIDO','COMPLETAR ','QUEDA OPERATIVO SE LE COMPLETó FLUIDO   04 LITROS DE ACEITE MOTOR SAE-50 ','2024-05-27','2024-05-28','0',9),(118,92,'SF CIUDADELA ','DENIS INOJOSA','WILKER PEñA ','198767','p','CAMBIARLE EL ACEITE Y LOS FILTROS ','SERVICIO','PERDIDA DE POTENCIA','HACERLE SERVICIO ','SE LE HIZO SERVICIO 19 LITROS DE ACEITE MOTOR 15W-40.    01 FILTRO DE ACEITE. 01 FILTRO DE COMBUSTIBLE. 02 FILTROS TRAMPA DE AGUA ','2024-05-27','2024-05-28','0',9),(119,28,'SF BORAURE','JOSE GOITIA','DEIBIS ROJAS','496328','p','REVISIóN DE TREN DELANTERO ','VERIFICAR','DA UN GOLPE EN LA CAJA ','VERIGICAR','QUEDA OPERATIVO ','2024-05-28','2024-05-30','0',9),(120,146,'AROA DUACA ','DANIEL PARRAGA','ROMáN PEREZ','NO TIENE','p','CORREGIR BOTE DE CEITE','VERIFICAR ','BOTE DE ACEITE Y SUBE LA TEMPERATURA EL OPERADOR NOTIFICA REEMPLAZO DE LA TAPA DEL RADIADOR ','VERIFICAR ','QUEDA OPERATIVO ','2024-05-28','2024-05-28','0',9),(121,2,'SF GUAMA','DANNY NOGUERA','JOEL MANZANO ','383473','p','MANTENIMIENTO AL BOMBíN DE CROCHE','REPARAR','NO AGARRA CROCHE','VERIFICAR',NULL,'2024-08-05','','1',9),(122,43,'CORPOSALUD BORAURE ','WILSON VEGA','WILKER PEñA ','60475','p','REEMPLAZó DE CABLE DEL ACTUADOR ','VERIFICAR ','PERDIDA DE POTENCIA ','VERIFICAR ','OPERATIVO ','2024-08-05','2024-08-10','0',9),(123,27,'SF LOS CAñIZOS ','KENY VIDAL ','JOSE A PEZ ','351632','p','CORREGIR BOTE DE GASOI','CORREGIR ','BOTE DE GASOI','VERIFICAR ','QUEDA OPERATIVO ','2024-08-05','2024-08-05','0',9),(124,77,'CORPOSALUD CHIVACOA','FERNANDO ROJAS ','AHSIER CAMPOS ','480299','p','REEMPLAZO DE INYECTORES ','REEMPLAZAR INYECTORES ','BOTA MUCHO HUMO','FALLA DE INYECCION','OPERATIVO ','2024-08-05','2024-09-02','0',9),(125,121,'CHIVACOA LA VIRGEN ','FRANKLIN GALEANO','JOSE A PAEZ','NO TIENE ','p','VERIFICAR FILTRO TRAMPA DE AGUA ','VERIFICAR ','BOTA GASOI POR LA TAPA ','VERIFICAR ','OPERATIVO ','2024-08-05','2024-08-05','0',9),(126,97,'YARITAGUA SABANITA','LEONARDO RIVERO ','ROMáN PéREZ ','273187','p','BOTE DE GASOI POR LA TAPA DEL FILTRO TRAMPA DE AGUA ','REEMPLAZAR TAPA ','BOTE DE GASOI','VERIFICAR ','QUEDA OPERATIVO ','2024-08-05','2024-08-05','0',9),(127,94,'YARITAGUA SABANITA ','JOSE VELIZ','LENIAT ROMERO ','251591','p','SERVICIO ','REEMPLAZO DE LOS FILTROS DE COMBUSTIBLE EL DE ACEITE Y CAMBIO DE ACEITE ','SERVICIO PASADO ','HACERLE SERVICIO ','QUEDA OPERATIVO ','2024-08-05','2024-08-05','0',9),(128,129,'SF GUARATARO','GREGORY TRUJILLO ','ALFONZO MANRIQUE ','NO TIENE ','p','TUMBAR LA CAJA ','REPARACION DE LA CAJA ','BOTE DE ACEITE POR LA CAJA ','VERIFICAR','OPERATIVO ','2024-08-09','2024-09-02','0',9),(129,145,'SF AROA','DARWIN PéREZ ','ROMáN PEREZ','NO TIENE ','p','BASES DE MOTOR PARTIDAS ','REEMPLAZARLAS ','TEMBLADERA EN EL MOTOR ','VERIFICAR ','OPERATIVO ','2024-08-09','2024-09-02','0',9),(130,109,'SF URACHICHE','EVER MOGOLLON ','JOSE OCHOA ','261254','p','REEMPLAZO','REEMPLAZO DE CABLE DEL SENSOR DE RIEL','PERDIDA DE POTENCIA ','VERIFICAR','OPERATIVO ','2024-08-09','2024-09-02','0',9),(131,6,'SF CIUDADELA ','JOSE VARGAS','AHSIER','365228','p','REEMPLAZAR BUJIA','VERIFICAR ','PERDIDA DE POTENCIA ','VERIFICAR BUJíA Y BOBINA ',NULL,'2024-08-14','','1',9),(132,112,'SF LARA','FERNANDO GARCíA ','JOEL MANZANO','277302','p','REPARACIóN DE DISCO PRENSA Y COLLARIN','REPARAR','SONIDO EN LA CAJA ','VERIFICAR','OPERATIVO ','2024-08-15','2024-09-02','0',9),(133,101,'CHIVACOA INTERNO','ANGEL ORTIZ','JASE MENDOZA','200409','p','MANTENIMIENTO AL RADIADOR E INTERCOOL ','BAJAR RADIADOR E INTERCOOL Y LIMOIARLOS','SUBE LA TEMPERATURA ','REVISAR ','OPERATIVO ','2024-08-17','2024-09-02','0',9),(134,64,'SF CIUDADELA ','KENY VIDAL','WILKER PEñA ','354643','p','REEMPLAZO DE FILTROS DE COMBUSTIBLE ','A PRUEBA ','PERDIDA DE POTENCIA','VERIFICAR','OPERATIVO ','2024-08-19','2024-08-29','0',9),(135,104,'SF CASCO CENTRO','EDIXON TOVAR ','JOSE OCHOA ','133218','p','REEMPLAZAR MANGUERA DE DIRECCIóN ','REPARAR','BOTE DE ACEITE POR LA MANGUERA DE DIRECCION','REPARAR','OPERATIVO ','2024-08-19','2024-09-02','0',9),(136,93,'NIRGUA HATO VIEJO','ALEXANDER ALVARADO ','JOSE PAEZ','294620','p','VERIFICAR ','HACER UN 360','SONIDO EN RUEDA DELANTERA DERECHA','REVISAR ',NULL,'2024-09-02','','1',9),(137,82,'SF HIGUERON','ISMAEL COLMENAREZ','JOSE OCHOA ','343636','p','VERIFICAR ','REEMPLAZO DE TURBO','PERDIDA DE POTENCIA ','REVISAR ','OPERATIVO ','2024-09-02','2024-09-16','0',9),(138,91,'SF COCOROTICO','PEDRO GONZALEZ','JOSE OCHOA ','191431','p','PROBLEMAS CON EL TAPóN DE RIEL','REEMPLAZAR ','PERDIDA DE POTENCIA ','VERIFICAR ','OPERATIVO ','2024-09-02','2024-09-02','0',9),(139,101,'CHIVACOA INTERNO','ANGEL ORTIZ','DEIVIS ROJAS ','202509','p','REVISAR ','REVISAR','PERDIDA DE POTENCIA ','VERIFICAR LOS FILTROS ','OPERATIVO','2024-09-02','2024-09-01','0',9),(140,53,'CAMBURAL- LARA ','RICARDO MOLLEJA','AHSIER CAMPOS ','353467','p','RECALENTAMIENTO Y PASó AGUA PARA EL MOTOR','HACER MOTOR DE NUEVO Y REEMPLAZAR EMPACADURA DE LA CAMARA ','SUBE TEMPERATURA ','VERIFICAR ',NULL,'2024-08-27','','1',9),(141,114,'SF LARA','MIGUEL ARTEGA','JOEL MANZANO ','284412','p','BAJAR LA CAJA DE NUEVO ','REPARAR CAJA ','SONIDO EN LA CAJA ','VERIFICAR',NULL,'2024-09-02','','1',9),(142,54,'SF CAMPO NUEVO ','LINO SUAREZ','AHSIER CAMPOS ','387266','p','HACER MOTOR DE NUEVO ','ANILLAR','BOTE DE COMPRESIóN ','VERIFICAR ',NULL,'2024-08-15','','1',9),(143,1,'SF AROA','JUAN GARCIA','AHSIER CAMPOS ','356708','p','REEMPLAZAR ','REEMPLAZAR','LUCES TRASERAS Y REEMPLAZO DE MICA OARTIDA','REEMPLAZAR ','OPERATIVO ','2024-09-03','2024-09-16','0',9),(144,89,'SERVICIOS ESPECIALES ','MIGUEL ARTEAGA','JOSE PAEZ','170737','p','REEMPLAZO DE TURBO Y SALVOCROCHE','REEMPLAZAR','PERDIDA DE POTENCIA ','VERIFICAR',NULL,'2024-09-03','','1',9),(145,104,'SF CASCO CENTRO ','CESAR DE JESúS ','RICHAR SILVA ','136281','p','REPARACIóN DE VáLVULA DE MACHINBRE','REPARAR','PRESENCIO FUGA DE AIRE ','VERIFICAR ',NULL,'2024-09-03','','1',9),(146,145,'SF AROA','GUSTAVO MONTOYA','ROMáN PéREZ ','NO TIENE','p','COMPLETAR ','ALINEAR','COMPLETACION DE ACEITE Y ALINEACIóN Y BALANCEO ','VERIFICAR',NULL,'2024-09-16','','1',9),(147,113,'CORPOSALUD MARíN ','IDEMAR OCHOA','JOSE OCHOA ','?','p','BOTE DE COMBUSTIBLE POR UNA TUBERIA','REPARAR','BOTE DE COMBUSTIBLE ','VERIFICAR',NULL,'2024-09-16','','1',9),(148,27,'SF LOS CAñIZOS','YANDEL RIVAS','JOSE MENDOZA ','359527','p','REEMPLAZO DE TURBO','VERIFICAR','CONSUME ACEITE','VERIFICAR',NULL,'2024-09-16','','1',9),(149,64,'SF CIUDADELA ','KENY VIDAL ','AHSIER CAMPOS ','?','p','REEMPLAZO DE EMPACADURA DE LA CAMARA ','VERIFICAR','CONSUMO DE AGUA ','VERIFICAR',NULL,'2024-09-16','','1',9);
/*!40000 ALTER TABLE `table_unidad_mantenimiento` ENABLE KEYS */;
UNLOCK TABLES;

--
-- Table structure for table `table_user`
--

DROP TABLE IF EXISTS `table_user`;
/*!40101 SET @saved_cs_client     = @@character_set_client */;
/*!50503 SET character_set_client = utf8mb4 */;
CREATE TABLE `table_user` (
  `user_id` int NOT NULL AUTO_INCREMENT,
  `user_ci` int DEFAULT NULL,
  `user_nick` varchar(45) CHARACTER SET utf8mb3 COLLATE utf8mb3_spanish_ci DEFAULT NULL,
  `user_pass` text CHARACTER SET utf8mb3 COLLATE utf8mb3_spanish_ci,
  `user_nombres` varchar(50) CHARACTER SET utf8mb3 COLLATE utf8mb3_spanish_ci DEFAULT NULL,
  `user_apellidos` varchar(50) CHARACTER SET utf8mb3 COLLATE utf8mb3_spanish_ci DEFAULT NULL,
  `user_email` varchar(100) CHARACTER SET utf8mb3 COLLATE utf8mb3_spanish_ci DEFAULT NULL,
  `user_tlf` varchar(20) CHARACTER SET utf8mb3 COLLATE utf8mb3_spanish_ci DEFAULT NULL,
  `user_rol` int NOT NULL,
  `id_departamento` int NOT NULL,
  `user_status` int DEFAULT NULL,
  `user_img` text CHARACTER SET utf8mb3 COLLATE utf8mb3_spanish_ci,
  `user_registro` timestamp NULL DEFAULT CURRENT_TIMESTAMP,
  `user_ruta` text CHARACTER SET utf8mb3 COLLATE utf8mb3_spanish_ci,
  PRIMARY KEY (`user_id`),
  KEY `fk_table_user_table_departamento1_idx` (`id_departamento`),
  KEY `fk_table_user_table_roles1_idx` (`user_rol`),
  CONSTRAINT `fk_table_user_table_departamento1` FOREIGN KEY (`id_departamento`) REFERENCES `table_departamento` (`id_departamento`),
  CONSTRAINT `fk_table_user_table_roles1` FOREIGN KEY (`user_rol`) REFERENCES `table_roles` (`rol_id`)
) ENGINE=InnoDB AUTO_INCREMENT=10 DEFAULT CHARSET=utf8mb3 COLLATE=utf8mb3_spanish_ci;
/*!40101 SET character_set_client = @saved_cs_client */;

--
-- Dumping data for table `table_user`
--

LOCK TABLES `table_user` WRITE;
/*!40000 ALTER TABLE `table_user` DISABLE KEYS */;
INSERT INTO `table_user` VALUES (1,2000000,'ADMIN','ODEvZ0hkUFRKQkkyenppY2puNXFKQT09','Admin','Admin','admin@admin','5555555555',1,1,1,'storage/ADMIN/default.png','2024-06-22 00:30:55','system/ADMIN/'),(2,17699446,'MG-02','ZEYwTERJRlVGMW95a3RiOUtGaENRdz09','Marianny  ','Gomez','busyaracuy@gmail.com','4120550426',2,3,1,'storage/MG-02/default.png','2024-06-30 18:25:37','system/MG-02/'),(5,14607920,'WILL','OCs4Z1hFT083MklFOU15V1NpMS9jdz09','William Enrique','Infante','william21enrique@gmail.com','4125181629',1,1,1,'storage/WILL/5-6e2f5a82.png','2024-05-21 00:47:38','storage/WILL/'),(6,70133695,'AR-06','ZEYwTERJRlVGMW95a3RiOUtGaENRdz09','Alexis ','Ramon','soporte@gmail.com','4144314020',3,3,1,'storage/AR-06/default.png','2024-07-01 17:51:13','storage/AR-06/'),(7,16481170,'TD-07','ZEYwTERJRlVGMW95a3RiOUtGaENRdz09','Tony','Dasilva','soprte2@gmail.com','4120949732',2,3,1,'storage/TD-07/default.png','2024-04-18 19:26:03','storage/TD-07/'),(8,14211080,'RS-08','ZEYwTERJRlVGMW95a3RiOUtGaENRdz09','Ronni','Sanchez','soporte4@gmail.com','4125085635',2,3,1,'storage/RS-08/default.png','2024-04-18 19:28:30','storage/RS-08/'),(9,16261541,'JO-09','ZEYwTERJRlVGMW95a3RiOUtGaENRdz09','Jose','Oviedo','joseoviedotovar2022@gmail.com','4124750831',2,3,1,'storage/JO-09/default.png','2024-04-29 23:29:13','storage/JO-09/');
/*!40000 ALTER TABLE `table_user` ENABLE KEYS */;
UNLOCK TABLES;

--
-- Table structure for table `table_user_rol`
--

DROP TABLE IF EXISTS `table_user_rol`;
/*!40101 SET @saved_cs_client     = @@character_set_client */;
/*!50503 SET character_set_client = utf8mb4 */;
CREATE TABLE `table_user_rol` (
  `id_user_rol` int NOT NULL AUTO_INCREMENT,
  `user_nick` varchar(45) CHARACTER SET utf8mb3 COLLATE utf8mb3_spanish_ci DEFAULT NULL,
  `id_rol` int NOT NULL,
  `id_departamento` int DEFAULT NULL,
  PRIMARY KEY (`id_user_rol`),
  KEY `fk_table_user_rol_rol1_idx` (`id_rol`),
  CONSTRAINT `fk_table_user_rol_rol1` FOREIGN KEY (`id_rol`) REFERENCES `table_roles` (`rol_id`)
) ENGINE=InnoDB AUTO_INCREMENT=8 DEFAULT CHARSET=utf8mb3 COLLATE=utf8mb3_spanish_ci;
/*!40101 SET character_set_client = @saved_cs_client */;

--
-- Dumping data for table `table_user_rol`
--

LOCK TABLES `table_user_rol` WRITE;
/*!40000 ALTER TABLE `table_user_rol` DISABLE KEYS */;
INSERT INTO `table_user_rol` VALUES (1,'ADMIN',1,1),(2,'MG-02',2,3),(3,'WILL',1,1),(4,'AR-06',3,3),(5,'TD-07',2,3),(6,'RS-08',2,3),(7,'JO-09',2,3);
/*!40000 ALTER TABLE `table_user_rol` ENABLE KEYS */;
UNLOCK TABLES;

--
-- Temporary view structure for view `v_carga_menu`
--

DROP TABLE IF EXISTS `v_carga_menu`;
/*!50001 DROP VIEW IF EXISTS `v_carga_menu`*/;
SET @saved_cs_client     = @@character_set_client;
/*!50503 SET character_set_client = utf8mb4 */;
/*!50001 CREATE VIEW `v_carga_menu` AS SELECT 
 1 AS `login`,
 1 AS `nombres`,
 1 AS `apellidos`,
 1 AS `rol_id`,
 1 AS `rol_name`,
 1 AS `id_menu`,
 1 AS `nombre_menu`,
 1 AS `icono_menu`,
 1 AS `page_menu_open`,
 1 AS `page_link`,
 1 AS `id_submenu`,
 1 AS `nombre_submenu`,
 1 AS `url`,
 1 AS `page_link_activo`,
 1 AS `status_submenu`*/;
SET character_set_client = @saved_cs_client;

--
-- Temporary view structure for view `v_submenu`
--

DROP TABLE IF EXISTS `v_submenu`;
/*!50001 DROP VIEW IF EXISTS `v_submenu`*/;
SET @saved_cs_client     = @@character_set_client;
/*!50503 SET character_set_client = utf8mb4 */;
/*!50001 CREATE VIEW `v_submenu` AS SELECT 
 1 AS `id_menu`,
 1 AS `id_submenu`,
 1 AS `nombre_submenu`,
 1 AS `url`,
 1 AS `page_link_activo`,
 1 AS `status`*/;
SET character_set_client = @saved_cs_client;

--
-- Final view structure for view `v_carga_menu`
--

/*!50001 DROP VIEW IF EXISTS `v_carga_menu`*/;
/*!50001 SET @saved_cs_client          = @@character_set_client */;
/*!50001 SET @saved_cs_results         = @@character_set_results */;
/*!50001 SET @saved_col_connection     = @@collation_connection */;
/*!50001 SET character_set_client      = utf8mb4 */;
/*!50001 SET character_set_results     = utf8mb4 */;
/*!50001 SET collation_connection      = utf8mb4_0900_ai_ci */;
/*!50001 CREATE ALGORITHM=UNDEFINED */
/*!50013 DEFINER=`root`@`localhost` SQL SECURITY DEFINER */
/*!50001 VIEW `v_carga_menu` AS select `a`.`user_nick` AS `login`,`a`.`user_nombres` AS `nombres`,`a`.`user_apellidos` AS `apellidos`,`f`.`rol_id` AS `rol_id`,`f`.`rol_name` AS `rol_name`,`e`.`id_menu` AS `id_menu`,`e`.`nombre_menu` AS `nombre_menu`,`e`.`icono_menu` AS `icono_menu`,`e`.`page_menu_open` AS `page_menu_open`,`e`.`page_link` AS `page_link`,`g`.`id_submenu` AS `id_submenu`,`g`.`nombre_submenu` AS `nombre_submenu`,`g`.`url` AS `url`,`g`.`page_link_activo` AS `page_link_activo`,`g`.`status` AS `status_submenu` from ((((((`table_user` `a` join `table_user_rol` `b`) join `table_dep_submenu` `c`) join `table_menu_submenu` `d`) join `table_menu` `e`) join `table_roles` `f`) join `table_submenu` `g`) where ((`a`.`user_nick` = `b`.`user_nick`) and (`b`.`id_rol` = `f`.`rol_id`) and (`b`.`id_departamento` = `c`.`id_departamento`) and (`c`.`id_submenu` = `g`.`id_submenu`) and (`g`.`id_submenu` = `d`.`id_submenu`) and (`e`.`id_menu` = `d`.`id_menu`) and (`e`.`status` = 1)) */;
/*!50001 SET character_set_client      = @saved_cs_client */;
/*!50001 SET character_set_results     = @saved_cs_results */;
/*!50001 SET collation_connection      = @saved_col_connection */;

--
-- Final view structure for view `v_submenu`
--

/*!50001 DROP VIEW IF EXISTS `v_submenu`*/;
/*!50001 SET @saved_cs_client          = @@character_set_client */;
/*!50001 SET @saved_cs_results         = @@character_set_results */;
/*!50001 SET @saved_col_connection     = @@collation_connection */;
/*!50001 SET character_set_client      = utf8mb4 */;
/*!50001 SET character_set_results     = utf8mb4 */;
/*!50001 SET collation_connection      = utf8mb4_0900_ai_ci */;
/*!50001 CREATE ALGORITHM=UNDEFINED */
/*!50013 DEFINER=`root`@`localhost` SQL SECURITY DEFINER */
/*!50001 VIEW `v_submenu` AS select `e`.`id_menu` AS `id_menu`,`g`.`id_submenu` AS `id_submenu`,`g`.`nombre_submenu` AS `nombre_submenu`,`g`.`url` AS `url`,`g`.`page_link_activo` AS `page_link_activo`,`g`.`status` AS `status` from ((`table_menu_submenu` `d` join `table_menu` `e`) join `table_submenu` `g`) where ((`g`.`id_submenu` = `d`.`id_submenu`) and (`e`.`id_menu` = `d`.`id_menu`)) */;
/*!50001 SET character_set_client      = @saved_cs_client */;
/*!50001 SET character_set_results     = @saved_cs_results */;
/*!50001 SET collation_connection      = @saved_col_connection */;
/*!40103 SET TIME_ZONE=@OLD_TIME_ZONE */;

/*!40101 SET SQL_MODE=@OLD_SQL_MODE */;
/*!40014 SET FOREIGN_KEY_CHECKS=@OLD_FOREIGN_KEY_CHECKS */;
/*!40014 SET UNIQUE_CHECKS=@OLD_UNIQUE_CHECKS */;
/*!40101 SET CHARACTER_SET_CLIENT=@OLD_CHARACTER_SET_CLIENT */;
/*!40101 SET CHARACTER_SET_RESULTS=@OLD_CHARACTER_SET_RESULTS */;
/*!40101 SET COLLATION_CONNECTION=@OLD_COLLATION_CONNECTION */;
/*!40111 SET SQL_NOTES=@OLD_SQL_NOTES */;

-- Dump completed on 2024-10-25 16:33:19
